date,floor_eth,floor_usd,eth_usd,floor_punk_index,active_asks,source
2017-06-23,0.3,93.02,310.05462840596994,4971,21,onchain-orderbook
2017-06-24,0.135,41.86,310.05462840596994,9439,226,onchain-orderbook
2017-06-25,0.14,40.33,288.04702626534885,1054,314,onchain-orderbook
2017-06-26,0.2,51.78,258.91946273454556,2801,338,onchain-orderbook
2017-06-27,0.15,42.12,280.8130146788337,1143,343,onchain-orderbook
2017-06-28,0.15,47.59,317.2936774724324,1143,367,onchain-orderbook
2017-06-29,0.14,42.03,300.18215256198584,4827,415,onchain-orderbook
2017-06-30,0.19,54.09,284.69108328848546,5624,419,onchain-orderbook
2017-07-01,0.2,52.5,262.47807335859795,9571,416,onchain-orderbook
2017-07-02,0.22,62.95,286.1336070099866,7442,410,onchain-orderbook
2017-07-03,0.235,65.47,278.5971953381099,6130,422,onchain-orderbook
2017-07-04,0.235,63.39,269.7366305781692,2694,420,onchain-orderbook
2017-07-05,0.235,62.5,265.9369454655199,2280,416,onchain-orderbook
2017-07-06,0.24,64.19,267.4697236476019,1401,461,onchain-orderbook
2017-07-07,0.3,72.44,241.4766205298395,3665,501,onchain-orderbook
2017-07-08,0.3,73.86,246.21497097327446,2280,494,onchain-orderbook
2017-07-09,0.325,77.6,238.75431849081662,4205,516,onchain-orderbook
2017-07-10,0.325,68.42,210.52819727984127,4205,504,onchain-orderbook
2017-07-11,0.35,68.02,194.33493649003975,4164,689,onchain-orderbook
2017-07-12,0.3758,83.48,222.13885617231483,1581,749,onchain-orderbook
2017-07-13,0.37,76.37,206.41325042813503,1437,716,onchain-orderbook
2017-07-14,0.37,73.25,197.96945236247697,1437,749,onchain-orderbook
2017-07-15,0.37,63.56,171.77744094493255,1437,747,onchain-orderbook
2017-07-16,0.37,57.89,156.46899162898947,5910,749,onchain-orderbook
2017-07-17,0.37,69.69,188.3527773486568,5910,764,onchain-orderbook
2017-07-18,0.35,79.98,228.50328003667275,3886,720,onchain-orderbook
2017-07-19,0.3,59.88,199.59051553264698,2606,752,onchain-orderbook
2017-07-20,0.3,67.04,223.4613483872583,2606,748,onchain-orderbook
2017-07-21,0.3,65.13,217.08647395834424,2216,739,onchain-orderbook
2017-07-22,0.29,67.03,231.14352894295098,6692,746,onchain-orderbook
2017-07-23,0.29,65.75,226.7185992848529,6692,747,onchain-orderbook
2017-07-24,0.3,67.47,224.91340709342114,2913,749,onchain-orderbook
2017-07-25,0.3,62.04,206.81050478775018,2913,790,onchain-orderbook
2017-07-26,0.3,60.1,200.3285558009793,2913,794,onchain-orderbook
2017-07-27,0.3,60.96,203.18932178158303,2913,795,onchain-orderbook
2017-07-28,0.275,52.96,192.58568390577597,1642,799,onchain-orderbook
2017-07-29,0.275,56.52,205.51111919711502,1436,796,onchain-orderbook
2017-07-30,0.275,54.23,197.19896347978235,1436,785,onchain-orderbook
2017-07-31,0.275,55.9,203.28719634179097,1436,778,onchain-orderbook
2017-08-01,0.275,62.45,227.08056705038587,1436,796,onchain-orderbook
2017-08-02,0.275,60.24,219.05792926762416,1436,764,onchain-orderbook
2017-08-03,0.25,56.22,224.86795657659746,7524,750,onchain-orderbook
2017-08-04,0.25,55.42,221.67495953018923,7524,757,onchain-orderbook
2017-08-05,0.25,63.29,253.15566612330053,7524,750,onchain-orderbook
2017-08-06,0.25,65.81,263.2220861638244,7524,756,onchain-orderbook
2017-08-07,0.25,67.12,268.49662903477497,7524,763,onchain-orderbook
2017-08-08,0.25,73.79,295.14709831672786,1436,800,onchain-orderbook
2017-08-09,0.25,74.27,297.0696048197405,1436,846,onchain-orderbook
2017-08-10,0.25,74.19,296.7767240757822,1436,808,onchain-orderbook
2017-08-11,0.2444,74.99,306.826433219032,6675,815,onchain-orderbook
2017-08-12,0.17444,53.84,308.625531335255,6675,845,onchain-orderbook
2017-08-13,0.174444,51.84,297.15980274719976,4532,848,onchain-orderbook
2017-08-14,0.174444,51.7,296.3972895244633,4532,852,onchain-orderbook
2017-08-15,0.24,69.23,288.4507671723357,1642,852,onchain-orderbook
2017-08-16,0.22,66.01,300.0393294082391,2286,860,onchain-orderbook
2017-08-17,0.22,66.13,300.5703437604035,2286,860,onchain-orderbook
2017-08-18,0.22,65.15,296.114635373622,2286,860,onchain-orderbook
2017-08-19,0.22,65.26,296.6220895183796,2286,865,onchain-orderbook
2017-08-20,0.22,64.94,295.17157732771335,2286,865,onchain-orderbook
2017-08-21,0.22,70.88,322.2012201364436,2286,872,onchain-orderbook
2017-08-22,0.2,62.43,312.1744705574116,1456,887,onchain-orderbook
2017-08-23,0.2,63.36,316.7889202107443,1456,888,onchain-orderbook
2017-08-24,0.2,64.36,321.7852984049241,1456,888,onchain-orderbook
2017-08-25,0.2,65.81,329.0252809929819,1456,910,onchain-orderbook
2017-08-26,0.2,65.97,329.86578262442157,1456,911,onchain-orderbook
2017-08-27,0.2,68.67,343.34133712814116,1456,915,onchain-orderbook
2017-08-28,0.2,68.84,344.2011314209417,1456,908,onchain-orderbook
2017-08-29,0.17,62.36,366.809589912788,7575,914,onchain-orderbook
2017-08-30,0.17,64.41,378.90633073469184,7575,936,onchain-orderbook
2017-08-31,0.17,65.1,382.9344507545728,7575,939,onchain-orderbook
2017-09-01,0.17,65.68,386.3430570009356,7575,945,onchain-orderbook
2017-09-02,0.17,58.89,346.3987754868897,7575,935,onchain-orderbook
2017-09-03,0.13,45.49,349.92924044114534,7911,935,onchain-orderbook
2017-09-04,0.16,47.95,299.7173318855491,7575,932,onchain-orderbook
2017-09-05,0.18,57.42,318.9728041158723,7181,939,onchain-orderbook
2017-09-06,0.18,59.98,333.20632999273016,7181,940,onchain-orderbook
2017-09-07,0.18,59.29,329.4156625176296,7181,940,onchain-carried
2017-09-08,0.18,54.81,304.47510826802426,7181,940,onchain-orderbook
2017-09-09,0.18,53.95,299.6944444705654,7181,940,onchain-carried
2017-09-10,0.18,52.7,292.7796567856866,7181,937,onchain-orderbook
2017-09-11,0.18,53.37,296.4753988432914,7181,936,onchain-orderbook
2017-09-12,0.2,58.12,290.58653195906925,9706,938,onchain-orderbook
2017-09-13,0.19,52.69,277.33365793127047,1480,940,onchain-orderbook
2017-09-14,0.19,40.72,214.3117136334975,1480,940,onchain-orderbook
2017-09-15,0.19,46.92,246.9218572871298,1480,940,onchain-carried
2017-09-16,0.19,46.51,244.80561175288247,1480,940,onchain-orderbook
2017-09-17,0.19,47.44,249.66654597502836,1480,941,onchain-orderbook
2017-09-18,0.19,54.71,287.96109568877347,1480,947,onchain-orderbook
2017-09-19,0.182,51.04,280.4456323420793,4163,967,onchain-orderbook
2017-09-20,0.13,36.32,279.4176492108516,5106,968,onchain-orderbook
2017-09-21,0.15,38.62,257.465074465559,8239,991,onchain-orderbook
2017-09-22,0.15,39.52,263.46977368373445,8239,994,onchain-orderbook
2017-09-23,0.15,42.48,283.22215899335055,1456,1005,onchain-orderbook
2017-09-24,0.14,39.3,280.68104473460187,8952,1016,onchain-orderbook
2017-09-25,0.14,40.33,288.0857009417575,8952,1017,onchain-orderbook
2017-09-26,0.14,39.75,283.9294530726591,8952,1014,onchain-orderbook
2017-09-27,0.14,42.3,302.1518453516756,8952,1009,onchain-orderbook
2017-09-28,0.14,41.2,294.3138380117381,8952,1024,onchain-orderbook
2017-09-29,0.14,40.34,288.11459689868053,8952,1022,onchain-orderbook
2017-09-30,0.14,41.62,297.2689355700251,8952,1019,onchain-orderbook
2017-10-01,0.14,41.95,299.6748890236153,8952,1019,onchain-orderbook
2017-10-02,0.14,41.42,295.8400297394862,8952,1013,onchain-orderbook
2017-10-03,0.14,40.91,292.2107206992577,8952,1013,onchain-orderbook
2017-10-04,0.14,41.02,293.0357027858311,8952,1002,onchain-orderbook
2017-10-05,0.14,41.12,293.71934612048636,8952,1000,onchain-orderbook
2017-10-06,0.14,43.08,307.7089805559562,8952,1003,onchain-orderbook
2017-10-07,0.14,43.34,309.5982491240284,8952,1003,onchain-carried
2017-10-08,0.14,42.99,307.05813687389934,8952,1004,onchain-orderbook
2017-10-09,0.14,41.43,295.901045084102,8952,1002,onchain-orderbook
2017-10-10,0.14,41.99,299.9170113647283,8952,1002,onchain-carried
2017-10-11,0.14,42.45,303.2474665353709,8952,1003,onchain-orderbook
2017-10-12,0.13,39.26,302.0199976805083,5249,1006,onchain-orderbook
2017-10-13,0.12,40.55,337.9526134340301,5953,1005,onchain-orderbook
2017-10-14,0.11,36.89,335.33824482981413,5953,1002,onchain-orderbook
2017-10-15,0.13,43.6,335.3913549863649,5249,1003,onchain-orderbook
2017-10-16,0.12,39.84,331.967214731027,3305,1002,onchain-orderbook
2017-10-17,0.11,34.97,317.898212514702,3305,1003,onchain-orderbook
2017-10-18,0.1,31.45,314.456554240651,3305,1003,onchain-orderbook
2017-10-19,0.13,40.1,308.47468392823407,5249,1002,onchain-orderbook
2017-10-20,0.13,39.31,302.35649692557024,5249,1004,onchain-orderbook
2017-10-21,0.13,39.09,300.69384596228315,5249,1003,onchain-orderbook
2017-10-22,0.13,38.41,295.4882479105146,5249,1004,onchain-orderbook
2017-10-23,0.13,37.62,289.4140251237576,5249,1006,onchain-orderbook
2017-10-24,0.12,35.85,298.75573430773346,5737,1006,onchain-orderbook
2017-10-25,0.1,29.85,298.4839668215046,5737,1006,onchain-orderbook
2017-10-26,0.09,26.61,295.7078546189935,5737,1010,onchain-orderbook
2017-10-27,0.08,23.83,297.9291296930045,5737,1015,onchain-orderbook
2017-10-28,0.08,23.72,296.4649529071602,5737,1018,onchain-orderbook
2017-10-29,0.1,30.37,303.74113040048763,6204,1015,onchain-orderbook
2017-10-30,0.1,30.62,306.2494615338919,6204,1013,onchain-orderbook
2017-10-31,0.1,30.35,303.54211702851427,6204,1016,onchain-orderbook
2017-11-01,0.09,26.31,292.33053872865435,1306,1047,onchain-orderbook
2017-11-02,0.09,25.84,287.0696687458828,1306,1044,onchain-orderbook
2017-11-03,0.09,27.53,305.8432726789198,1306,1056,onchain-orderbook
2017-11-04,0.09,27,299.9549103522952,1306,1055,onchain-orderbook
2017-11-05,0.09,26.78,297.5173231052644,1306,1055,onchain-orderbook
2017-11-06,0.09,27.12,301.370794552855,1306,1055,onchain-orderbook
2017-11-07,0.09,26.57,295.23511338265723,1306,1054,onchain-orderbook
2017-11-08,0.09,27.8,308.9339866357258,1306,1054,onchain-orderbook
2017-11-09,0.09,29.01,322.32952048358885,1306,1052,onchain-orderbook
2017-11-10,0.09,27.12,301.3549333527746,1306,1052,onchain-orderbook
2017-11-11,0.09,28.46,316.2583419604271,1306,1052,onchain-orderbook
2017-11-12,0.09,28.27,314.1661277072687,1306,1051,onchain-orderbook
2017-11-13,0.09,28.38,315.34395637188766,1306,1049,onchain-orderbook
2017-11-14,0.09,30.5,338.937627406501,1306,1050,onchain-orderbook
2017-11-15,0.09,30.09,334.286932546348,1306,1049,onchain-orderbook
2017-11-16,0.09,29.7,330.021315646911,1306,1050,onchain-orderbook
2017-11-17,0.09,30,333.351255037181,1306,1050,onchain-orderbook
2017-11-18,0.09,31.39,348.74721545667,1306,1050,onchain-orderbook
2017-11-19,0.09,31.81,353.43572964676,1306,1052,onchain-orderbook
2017-11-20,0.09,32.92,365.786815977961,1306,1055,onchain-orderbook
2017-11-21,0.09,32.5,361.055822571048,1306,1055,onchain-orderbook
2017-11-22,0.09,34.15,379.409057274538,1306,1047,onchain-orderbook
2017-11-23,0.09,37.13,412.557611501513,1306,1055,onchain-orderbook
2017-11-24,0.08,38,475.002014978137,7842,1054,onchain-orderbook
2017-11-25,0.08,37.4,467.446390045639,7842,1055,onchain-orderbook
2017-11-26,0.09,42.21,468.998099373249,1306,1055,onchain-orderbook
2017-11-27,0.09,43.59,484.362624150733,1306,1053,onchain-orderbook
2017-11-28,0.07,33.19,474.182894748523,2791,1050,onchain-orderbook
2017-11-29,0.07,29.98,428.345443336342,2991,1057,onchain-orderbook
2017-11-30,0.07,31.79,454.160981519821,2991,1058,onchain-orderbook
2017-12-01,0.07,32.89,469.863479570669,2991,1057,onchain-orderbook
2017-12-02,0.07,32.89,469.857050536754,2991,1060,onchain-orderbook
2017-12-03,0.09,41.57,461.880481908051,1306,1041,onchain-orderbook
2017-12-04,0.09,42.5,472.252735495896,1306,1025,onchain-orderbook
2017-12-05,0.09,42.03,467.016662982671,1306,1014,onchain-orderbook
2017-12-06,0.14,62.77,448.328222164605,8952,1007,onchain-orderbook
2017-12-07,0.15,67.77,451.825581860168,8239,1004,onchain-orderbook
2017-12-08,0.15,70.18,467.881662612901,8234,999,onchain-orderbook
2017-12-09,0.15,72.31,482.035518858509,8234,999,onchain-carried
2017-12-10,0.15,67,446.691058078548,7232,996,onchain-orderbook
2017-12-11,0.11,55.99,509.000876237775,1398,1009,onchain-orderbook
2017-12-12,0.1,66.18,661.841332287634,3822,1062,onchain-orderbook
2017-12-13,0.11,78.09,709.883193572531,2119,1025,onchain-orderbook
2017-12-14,0.12,84.55,704.621843737326,6020,1031,onchain-orderbook
2017-12-15,0.1199999999,83.17,693.09706413276,1723,1029,onchain-orderbook
2017-12-16,0.1,70.22,702.244612799479,1474,1036,onchain-orderbook
2017-12-17,0.11,80.16,728.700471211578,1480,1032,onchain-orderbook
2017-12-18,0.1,79.81,798.115404033608,9208,1033,onchain-orderbook
2017-12-19,0.1,83,829.989201766042,3644,1047,onchain-orderbook
2017-12-20,0.1,81.34,813.403602277568,8943,1049,onchain-orderbook
2017-12-21,0.1,81.29,812.885159103535,3206,1040,onchain-orderbook
2017-12-22,0.1,66.93,669.276492289395,4005,1040,onchain-orderbook
2017-12-23,0.1,71.57,715.719068265809,1638,1028,onchain-orderbook
2017-12-24,0.1,68.62,686.208308919806,1638,1023,onchain-orderbook
2017-12-25,0.1,73.39,733.902545910265,1638,1022,onchain-orderbook
2017-12-26,0.1,77.41,774.110198124999,1638,1029,onchain-orderbook
2017-12-27,0.1,76.5,764.967062014162,1638,1025,onchain-orderbook
2017-12-28,0.1,73.68,736.840047017461,1638,1019,onchain-orderbook
2017-12-29,0.099,74.78,755.343641318154,7232,1047,onchain-orderbook
2017-12-30,0.099,72.95,736.909191519636,7232,1052,onchain-orderbook
2017-12-31,0.099,76.69,774.696255457107,7232,1052,onchain-carried
2018-01-01,0.099,76.83,776.080330355968,7232,1053,onchain-orderbook
2018-01-02,0.099,86.81,876.890258814416,7232,1054,onchain-orderbook
2018-01-03,0.1,96.31,963.0557506903511,5561,1052,onchain-orderbook
2018-01-04,0.1,97.84,978.416104183522,5561,1051,onchain-orderbook
2018-01-05,0.1,100.49,1004.8949722625625,5561,1052,onchain-orderbook
2018-01-06,0.1,105.2,1052.02336010703,5561,1061,onchain-orderbook
2018-01-07,0.1,113.77,1137.6549188901813,5561,1062,onchain-orderbook
2018-01-08,0.08,94.79,1184.92393027798,3436,1064,onchain-orderbook
2018-01-09,0.09,122.53,1361.4396682787146,1586,1062,onchain-orderbook
2018-01-10,0.08,107.65,1345.5876017375906,2553,1061,onchain-orderbook
2018-01-11,0.09,106.35,1181.6514100305303,3389,1058,onchain-orderbook
2018-01-12,0.09,118.41,1315.6187580839762,3389,1088,onchain-orderbook
2018-01-13,0.08,115.85,1448.1800861342022,3796,1104,onchain-orderbook
2018-01-14,0.09,126.9,1410.0002145085193,3389,1106,onchain-orderbook
2018-01-15,0.09,119.67,1329.6713965043375,3389,1130,onchain-orderbook
2018-01-16,0.09,96.17,1068.6004106894156,8366,1125,onchain-orderbook
2018-01-17,0.09,92.01,1022.3652131699663,8366,1138,onchain-orderbook
2018-01-18,0.09,93.25,1036.072312788025,8366,1135,onchain-orderbook
2018-01-19,0.09,94.22,1046.8985973958734,8366,1153,onchain-orderbook
2018-01-20,0.09,105.56,1172.9172062239459,8366,1182,onchain-orderbook
2018-01-21,0.09,94.83,1053.6332024800395,8366,1182,onchain-orderbook
2018-01-22,0.09,90.03,1000.3871327788332,8366,1185,onchain-orderbook
2018-01-23,0.09,89.25,991.665320638703,8366,1177,onchain-orderbook
2018-01-24,0.09,95.12,1056.8792325682198,8366,1176,onchain-orderbook
2018-01-25,0.09,95.34,1059.3154960264808,8366,1177,onchain-orderbook
2018-01-26,0.09,94.39,1048.7989058434846,8366,1171,onchain-orderbook
2018-01-27,0.09,98.62,1095.7825142892807,8366,1172,onchain-orderbook
2018-01-28,0.09,111.36,1237.3241758467964,8366,1171,onchain-orderbook
2018-01-29,0.09,105.27,1169.6342569193446,8366,1184,onchain-orderbook
2018-01-30,0.09,104.57,1161.9086430994253,8366,1184,onchain-carried
2018-01-31,0.08,84.65,1058.0960529662955,7925,1185,onchain-orderbook
2018-02-01,0.09,99.55,1106.1381723552724,8366,1184,onchain-orderbook
2018-02-02,0.09,91.91,1021.2693786534147,8366,1185,onchain-orderbook
2018-02-03,0.09,82.32,914.6388425021536,8366,1184,onchain-orderbook
2018-02-04,0.09,84.76,941.8032295185238,8366,1182,onchain-orderbook
2018-02-05,0.09,75.14,834.8891703333355,8366,1181,onchain-orderbook
2018-02-06,0.09,61.59,684.3133397266745,8366,1181,onchain-orderbook
2018-02-07,0.09,70.72,785.7389155049871,8366,1181,onchain-orderbook
2018-02-08,0.09,67.67,751.8878893661607,8366,1181,onchain-orderbook
2018-02-09,0.09,72.7,807.8227505154956,3643,1180,onchain-orderbook
2018-02-10,0.09,78.42,871.3268829432668,3643,1180,onchain-orderbook
2018-02-11,0.09,76.89,854.3498784217315,3643,1180,onchain-orderbook
2018-02-12,0.09,73.56,817.2905243571003,3643,1180,onchain-orderbook
2018-02-13,0.09,77.65,862.7487725902944,3643,1180,onchain-carried
2018-02-14,0.09,75.04,833.7791837295838,3643,1181,onchain-orderbook
2018-02-15,0.09,82.36,915.0765430188819,3643,1180,onchain-orderbook
2018-02-16,0.09,83.55,928.2935214045194,3643,1180,onchain-orderbook
2018-02-17,0.09,84.12,934.6767104527537,3643,1180,onchain-orderbook
2018-02-18,0.09,86.78,964.2765079107337,3643,1180,onchain-orderbook
2018-02-19,0.09,82.36,915.0920469360246,3643,1181,onchain-orderbook
2018-02-20,0.09,83.55,928.2902425457683,3643,1180,onchain-orderbook
2018-02-21,0.09,81.27,902.9690554385094,3171,1178,onchain-orderbook
2018-02-22,0.1,80.91,809.1296597083212,4495,1177,onchain-orderbook
2018-02-23,0.1,81.24,812.4468626177468,4495,1175,onchain-orderbook
2018-02-24,0.1,86.47,864.6697536212578,4610,1170,onchain-orderbook
2018-02-25,0.1,82.87,828.7233989886703,4610,1170,onchain-carried
2018-02-26,0.1,84.26,842.6280247519165,4610,1170,onchain-orderbook
2018-02-27,0.1,86.37,863.6502752378826,4610,1170,onchain-orderbook
2018-02-28,0.099,86.06,869.2632438249697,3945,1168,onchain-orderbook
2018-03-01,0.1,84.64,846.3652117960792,4610,1165,onchain-orderbook
2018-03-02,0.1,85.57,855.6787797305122,4610,1163,onchain-orderbook
2018-03-03,0.1,85.04,850.4429895810156,4610,1159,onchain-orderbook
2018-03-04,0.09,75.98,844.2552535175925,4024,1160,onchain-orderbook
2018-03-05,0.09,75.94,843.7565763098702,4024,1160,onchain-orderbook
2018-03-06,0.09,75.61,840.1509954642488,4024,1160,onchain-carried
2018-03-07,0.09,72.76,808.4491332246333,4024,1155,onchain-orderbook
2018-03-08,0.09,67.73,752.5931712474129,4024,1147,onchain-orderbook
2018-03-09,0.09,62.93,699.1898984866136,4024,1146,onchain-orderbook
2018-03-10,0.09,63.98,710.8916532666208,4024,1146,onchain-carried
2018-03-11,0.09,61.64,684.934340074043,4024,1146,onchain-carried
2018-03-12,0.09,64.19,713.1953300017516,4024,1145,onchain-orderbook
2018-03-13,0.1,69.53,695.3142030222126,4610,1152,onchain-orderbook
2018-03-14,0.1,68.46,684.6415843660401,4610,1187,onchain-orderbook
2018-03-15,0.1,60.84,608.3931488499501,4610,1208,onchain-orderbook
2018-03-16,0.1,61.24,612.4435397197692,4610,1207,onchain-orderbook
2018-03-17,0.1,60.79,607.879487479319,4610,1206,onchain-orderbook
2018-03-18,0.1,56.01,560.1094330840288,4610,1204,onchain-orderbook
2018-03-19,0.1,53.87,538.6905900543026,4610,1203,onchain-orderbook
2018-03-20,0.1,55.51,555.0775482373977,4610,1200,onchain-orderbook
2018-03-21,0.1,55.42,554.2098259834895,4610,1198,onchain-orderbook
2018-03-22,0.1,56.11,561.1465342247278,4610,1197,onchain-orderbook
2018-03-23,0.1,53.77,537.7059724380829,8475,1183,onchain-orderbook
2018-03-24,0.1,53.81,538.109029163154,8475,1182,onchain-orderbook
2018-03-25,0.1,51.95,519.4855998398031,8475,1180,onchain-orderbook
2018-03-26,0.1,51.94,519.3780445915389,8475,1193,onchain-orderbook
2018-03-27,0.1,48.75,487.5396120553992,8475,1193,onchain-orderbook
2018-03-28,0.1,44.91,449.05225249207564,8475,1192,onchain-orderbook
2018-03-29,0.1,44.39,443.9491009578748,8475,1192,onchain-carried
2018-03-30,0.1,38.53,385.32709566886405,8475,1192,onchain-carried
2018-03-31,0.1,39.53,395.32626329061816,8475,1191,onchain-orderbook
2018-04-01,0.1,39.58,395.79638095782116,8475,1188,onchain-orderbook
2018-04-02,0.1,37.91,379.1235134110076,8475,1184,onchain-orderbook
2018-04-03,0.1,38.48,384.8259822881638,6584,1173,onchain-orderbook
2018-04-04,0.1,41.57,415.7162339703384,6584,1163,onchain-orderbook
2018-04-05,0.1,38.03,380.28195959120734,8244,1169,onchain-orderbook
2018-04-06,0.1,38.45,384.46448544618835,8244,1168,onchain-orderbook
2018-04-07,0.1,36.99,369.9138976693199,8244,1166,onchain-orderbook
2018-04-08,0.1,38.34,383.44636088273523,8244,1164,onchain-orderbook
2018-04-09,0.1,39.7,396.98175550697044,8244,1163,onchain-orderbook
2018-04-10,0.09,35.89,398.77335502107474,6584,1164,onchain-orderbook
2018-04-11,0.09,37.14,412.6893456266917,6584,1163,onchain-orderbook
2018-04-12,0.09,38.46,427.3849460078481,6584,1163,onchain-carried
2018-04-13,0.09,43.97,488.60548934434905,6584,1163,onchain-carried
2018-04-14,0.1,48.9,488.99218126708564,8244,1161,onchain-orderbook
2018-04-15,0.1,49.51,495.11291363236046,8244,1162,onchain-orderbook
2018-04-16,0.1,52.55,525.5274445398754,8244,1162,onchain-orderbook
2018-04-17,0.1,50.71,507.11031309582995,8244,1163,onchain-orderbook
2018-04-18,0.1,49.85,498.46700764950907,8244,1163,onchain-orderbook
2018-04-19,0.1,51.74,517.3740431959737,8244,1163,onchain-carried
2018-04-20,0.1,56.64,566.3920838512778,8244,1162,onchain-orderbook
2018-04-21,0.1,59.03,590.27192246768,8244,1159,onchain-orderbook
2018-04-22,0.1,60.03,600.2596767733208,8244,1160,onchain-orderbook
2018-04-23,0.1,61.72,617.2024078855728,8244,1160,onchain-carried
2018-04-24,0.09,57.27,636.3671638965957,3175,1161,onchain-orderbook
2018-04-25,0.1,70.5,705.0276448443027,8244,1162,onchain-orderbook
2018-04-26,0.09,55.24,613.7267252906634,8244,1171,onchain-orderbook
2018-04-27,0.09,59.14,657.0577934851548,8244,1173,onchain-orderbook
2018-04-28,0.09,57.78,641.9936056225328,8244,1172,onchain-orderbook
2018-04-29,0.09,60.53,672.5969368274542,8244,1173,onchain-orderbook
2018-04-30,0.09,61.21,680.1204953886593,8244,1174,onchain-orderbook
2018-05-01,0.1,66.27,662.732735837356,8475,1172,onchain-orderbook
2018-05-02,0.1,66.52,665.2257861413076,8475,1166,onchain-orderbook
2018-05-03,0.1,67.66,676.5525639388837,8475,1160,onchain-orderbook
2018-05-04,0.1,78.14,781.4257804747286,8475,1162,onchain-orderbook
2018-05-05,0.075,58.34,777.9076470179848,1668,1169,onchain-orderbook
2018-05-06,0.075,60.53,807.0673291637275,1668,1168,onchain-orderbook
2018-05-07,0.075,58.94,785.89274351052,1668,1164,onchain-orderbook
2018-05-08,0.075,56.16,748.8131413938073,1668,1168,onchain-orderbook
2018-05-09,0.075,55.82,744.3248257193555,1668,1168,onchain-orderbook
2018-05-10,0.075,55.77,743.6398157399032,1668,1169,onchain-orderbook
2018-05-11,0.075,53.81,717.4128743633592,1668,1169,onchain-carried
2018-05-12,0.075,50.65,675.2917525022057,1668,1170,onchain-orderbook
2018-05-13,0.075,51.24,683.1702676131072,1668,1174,onchain-orderbook
2018-05-14,0.075,54.52,726.8719105255797,1668,1175,onchain-orderbook
2018-05-15,0.075,54.59,727.8026816427881,1668,1177,onchain-orderbook
2018-05-16,0.075,52.74,703.1556814584169,1668,1177,onchain-carried
2018-05-17,0.075,52.68,702.4531187046043,1668,1177,onchain-orderbook
2018-05-18,0.075,49.92,665.6275313370153,1668,1177,onchain-carried
2018-05-19,0.075,51.47,686.2132687257347,1668,1176,onchain-orderbook
2018-05-20,0.075,51.44,685.8467539789947,1668,1176,onchain-carried
2018-05-21,0.075,52.79,703.8146666492306,1668,1176,onchain-carried
2018-05-22,0.075,51.67,688.9132212295281,1668,1177,onchain-orderbook
2018-05-23,0.075,48.08,641.1003511423173,1668,1177,onchain-carried
2018-05-24,0.075,43.59,581.2411880572671,1668,1177,onchain-carried
2018-05-25,0.075,44.84,597.848771866914,1668,1180,onchain-orderbook
2018-05-26,0.05,29.11,582.2793862832264,8475,1188,onchain-orderbook
2018-05-27,0.05,29.02,580.4834597869499,8475,1191,onchain-orderbook
2018-05-28,0.05,28.3,565.9260648024518,6322,1179,onchain-orderbook
2018-05-29,0.05,25.58,511.61588041076885,3790,1189,onchain-orderbook
2018-05-30,0.05,28.09,561.7406614509548,3790,1186,onchain-orderbook
2018-05-31,0.05,27.77,555.3491509790109,3790,1178,onchain-orderbook
2018-06-01,0.05,28.59,571.7271134994469,3790,1177,onchain-orderbook
2018-06-02,0.05,28.69,573.8335504842785,3790,1177,onchain-orderbook
2018-06-03,0.05,29.16,583.1316392150303,3790,1176,onchain-orderbook
2018-06-04,0.05,30.46,609.2946747342367,3790,1176,onchain-carried
2018-06-05,0.05,29.33,586.5759760467295,3790,1176,onchain-carried
2018-06-06,0.05,30.03,600.6782790386933,3790,1174,onchain-orderbook
2018-06-07,0.05,29.91,598.2160984640701,3790,1171,onchain-orderbook
2018-06-08,0.1,59.51,595.1261406729993,4523,1117,onchain-orderbook
2018-06-09,0.1,59.05,590.4981451663734,4523,1126,onchain-orderbook
2018-06-10,0.1,58.11,581.1212496803587,4523,1126,onchain-orderbook
2018-06-11,0.05,26.15,522.9980386707371,3010,1125,onchain-orderbook
2018-06-12,0.05,26.46,529.1308297528115,1537,1099,onchain-orderbook
2018-06-13,0.05,24.75,495.0763558611063,1584,1098,onchain-orderbook
2018-06-14,0.05,23.74,474.85911303649493,1584,1101,onchain-orderbook
2018-06-15,0.1,51.66,516.6441703707438,1912,1100,onchain-orderbook
2018-06-16,0.1,48.54,485.4328365159148,1912,1100,onchain-orderbook
2018-06-17,0.1,49.31,493.0678580653148,1912,1077,onchain-orderbook
2018-06-18,0.1,49.14,491.40027597923427,1912,1079,onchain-orderbook
2018-06-19,0.1,51.24,512.4288524669856,1912,1079,onchain-carried
2018-06-20,0.1,53.2,532.0039133610575,1912,1079,onchain-carried
2018-06-21,0.1,52.98,529.7630465685196,1912,1079,onchain-carried
2018-06-22,0.1,52.07,520.6671645141439,1912,1078,onchain-orderbook
2018-06-23,0.1,46.39,463.94082865220423,1912,1078,onchain-orderbook
2018-06-24,0.1,47.3,472.9772647615346,1912,1076,onchain-orderbook
2018-06-25,0.1,45.91,459.11629017954976,1912,1076,onchain-orderbook
2018-06-26,0.1,43.18,431.82322957391926,1912,1076,onchain-carried
2018-06-27,0.1,43.9,439.04299816736454,1912,1076,onchain-carried
2018-06-28,0.1,43.9,439.04299816736454,1912,1075,onchain-orderbook
2018-06-29,0.1,42.28,422.8224744024718,1912,1076,onchain-orderbook
2018-06-30,0.1,44.71,447.1209831019718,1912,1076,onchain-orderbook
2018-07-01,0.1,44.81,448.0620233878413,1912,1076,onchain-carried
2018-07-02,0.1,47.19,471.8569973249061,1912,1076,onchain-carried
2018-07-03,0.1,45.99,459.87788693718255,1912,1076,onchain-carried
2018-07-04,0.1,46.34,463.4036249170235,1912,1075,onchain-orderbook
2018-07-05,0.1,46.34,463.4036249170235,1912,1075,onchain-carried
2018-07-06,0.1,46.7,467.00638398442294,1912,1075,onchain-carried
2018-07-07,0.1,46.76,467.59989075395146,1912,1075,onchain-carried
2018-07-08,0.1,48.46,484.5556442299752,1912,1075,onchain-carried
2018-07-09,0.1,48.43,484.3103188865728,1912,1072,onchain-orderbook
2018-07-10,0.1,46.75,467.50852887789733,1912,1070,onchain-orderbook
2018-07-11,0.1,43.15,431.5305053721746,1912,1070,onchain-carried
2018-07-12,0.1,44.29,442.91524203431703,1912,1070,onchain-carried
2018-07-13,0.1,42.96,429.5512947031111,1912,1071,onchain-orderbook
2018-07-14,0.1,43.12,431.1990479399611,1912,1071,onchain-carried
2018-07-15,0.1,44.69,446.9034651862391,1912,1071,onchain-carried
2018-07-16,0.1,47.32,473.2491191654933,1912,1071,onchain-carried
2018-07-17,0.1,49.76,497.59259046859836,1912,1070,onchain-orderbook
2018-07-18,0.1,47.6,475.9901579076109,1912,1069,onchain-orderbook
2018-07-19,0.1,46.51,465.1167266807728,1912,1070,onchain-orderbook
2018-07-20,0.1,44.72,447.2032909319223,1912,1069,onchain-orderbook
2018-07-21,0.1,45.88,458.81770211660216,1912,1069,onchain-carried
2018-07-22,0.1,45.88,458.81770211660216,1912,1069,onchain-carried
2018-07-23,0.1,45.64,456.38675640568715,1912,1103,onchain-orderbook
2018-07-24,0.1,44.7,446.9673745525742,1912,1103,onchain-carried
2018-07-25,0.1,48.01,480.08730290037084,1912,1102,onchain-orderbook
2018-07-26,0.1,47.12,471.1685291708074,1912,1100,onchain-orderbook
2018-07-27,0.1,46.8,467.9579265520383,1912,1099,onchain-orderbook
2018-07-28,0.1,46.59,465.8991552657435,1912,1098,onchain-orderbook
2018-07-29,0.1,46.64,466.41922911559277,1912,1099,onchain-orderbook
2018-07-30,0.1,45.8,457.9593895317416,1912,1099,onchain-carried
2018-07-31,0.1,45.8,457.9593895317416,1912,1115,onchain-orderbook
2018-08-01,0.1,43.24,432.44389661936293,1912,1115,onchain-carried
2018-08-02,0.1,42.43,424.2574672526278,9142,1114,onchain-orderbook
2018-08-03,0.1,41.1,410.954378120633,9142,1122,onchain-orderbook
2018-08-04,0.1,41.7,416.95744969159256,9142,1122,onchain-carried
2018-08-05,0.1,40.93,409.32308847476355,9142,1122,onchain-carried
2018-08-06,0.1,40.49,404.86178625560126,9142,1121,onchain-orderbook
2018-08-07,0.1,37.94,379.44312085084914,9142,1121,onchain-orderbook
2018-08-08,0.1,35.41,354.12524248782523,9142,1121,onchain-carried
2018-08-09,0.1,36.45,364.48916115928165,9142,1121,onchain-carried
2018-08-10,0.1,33.31,333.07577626275935,9142,1120,onchain-orderbook
2018-08-11,0.1,32.32,323.20018032968386,9142,1120,onchain-carried
2018-08-12,0.1,31.99,319.86566639625414,9142,1119,onchain-orderbook
2018-08-13,0.1,31.99,319.86566639625414,9142,1118,onchain-orderbook
2018-08-14,0.1,28.44,284.39581679123916,9142,1117,onchain-orderbook
2018-08-15,0.1,28.06,280.6065280187266,9780,1106,onchain-orderbook
2018-08-16,0.1,28.63,286.3202214369417,9780,1105,onchain-orderbook
2018-08-17,0.1,31.39,313.9070584655633,8288,1105,onchain-orderbook
2018-08-18,0.1,29.46,294.60240451947163,8288,1103,onchain-orderbook
2018-08-19,0.1,29.94,299.35268126616876,8288,1104,onchain-orderbook
2018-08-20,0.1,27.25,272.5041282007515,8288,1104,onchain-orderbook
2018-08-21,0.1,27.25,272.5041282007515,8288,1104,onchain-orderbook
2018-08-22,0.1,27.95,279.54524807475684,8288,1102,onchain-orderbook
2018-08-23,0.1,27.23,272.33783438758024,8288,1102,onchain-carried
2018-08-24,0.1,27.58,275.79238956996056,8288,1102,onchain-orderbook
2018-08-25,0.1,28.18,281.80128133740266,8288,1102,onchain-carried
2018-08-26,0.1,27.73,277.30138430722604,8288,1097,onchain-orderbook
2018-08-27,0.1,27.42,274.2340976445292,8288,1103,onchain-orderbook
2018-08-28,0.1,28.73,287.27840392608823,8288,1102,onchain-orderbook
2018-08-29,0.1,29.55,295.5007857933278,8288,1102,onchain-orderbook
2018-08-30,0.1,28.91,289.121483052278,8288,1102,onchain-carried
2018-08-31,0.1,28.22,282.22317870221497,8288,1102,onchain-carried
2018-09-01,0.1,29.56,295.6461617616964,6335,1095,onchain-orderbook
2018-09-02,0.1,29.46,294.5856884801363,6335,1094,onchain-orderbook
2018-09-03,0.1,28.91,289.0662976223425,6335,1097,onchain-orderbook
2018-09-04,0.1,28.55,285.4857566471215,6335,1097,onchain-orderbook
2018-09-05,0.1,22.9,228.9617912829557,6335,1098,onchain-orderbook
2018-09-06,0.1,22.96,229.58380022781415,6335,1098,onchain-orderbook
2018-09-07,0.1,21.55,215.46419238392897,6335,1097,onchain-orderbook
2018-09-08,0.1,21.55,215.46419238392897,6335,1097,onchain-carried
2018-09-09,0.1,19.69,196.94595461496522,6335,1098,onchain-orderbook
2018-09-10,0.1,19.7,197.03155592006055,6335,1098,onchain-carried
2018-09-11,0.11,21.67,197.02166615021105,2457,1100,onchain-orderbook
2018-09-12,0.11,20.31,184.67071891390327,2457,1101,onchain-orderbook
2018-09-13,0.11,23.4,212.74581078704247,2457,1101,onchain-carried
2018-09-14,0.11,23.26,211.46114470100466,2457,1099,onchain-orderbook
2018-09-15,0.11,24.54,223.10565474610493,2457,1099,onchain-carried
2018-09-16,0.11,24.4,221.85875949649983,2457,1098,onchain-orderbook
2018-09-17,0.11,21.65,196.81861368020944,2457,1097,onchain-orderbook
2018-09-18,0.11,23.12,210.15069647518163,2457,1097,onchain-carried
2018-09-19,0.11,22.97,208.83491705173932,2457,1097,onchain-carried
2018-09-20,0.11,24.59,223.52103469035666,2457,1095,onchain-orderbook
2018-09-21,0.11,27.14,246.74473331000934,2457,1090,onchain-orderbook
2018-09-22,0.11,26.52,241.10173861947337,2457,1085,onchain-orderbook
2018-09-23,0.11,26.81,243.75935064686755,2457,1085,onchain-carried
2018-09-24,0.11,26.81,243.75935064686755,2457,1085,onchain-carried
2018-09-25,0.11,24.74,224.8927115166688,2457,1085,onchain-carried
2018-09-26,0.11,23.68,215.2797158906072,2457,1083,onchain-orderbook
2018-09-27,0.11,25.25,229.50065083671004,2457,1082,onchain-orderbook
2018-09-28,0.11,24.41,221.91541502359854,2457,1083,onchain-orderbook
2018-09-29,0.11,25.45,231.36058285669557,2457,1082,onchain-orderbook
2018-09-30,0.11,25.67,233.37037739495233,2457,1082,onchain-orderbook
2018-10-01,0.11,25.38,230.73023136749504,2457,1083,onchain-orderbook
2018-10-02,0.11,24.96,226.89537452848637,2457,1075,onchain-orderbook
2018-10-03,0.11,24.26,220.57975078230487,2457,1074,onchain-orderbook
2018-10-04,0.11,24.45,222.2411820752631,2457,1071,onchain-orderbook
2018-10-05,0.11,25.06,227.82611727788182,2457,1071,onchain-orderbook
2018-10-06,0.11,25.06,227.82611727788182,2457,1069,onchain-orderbook
2018-10-07,0.11,24.76,225.07353623261605,2457,1071,onchain-orderbook
2018-10-08,0.11,25.25,229.56215438027027,2457,1077,onchain-orderbook
2018-10-09,0.11,25.25,229.56215438027027,2457,1076,onchain-orderbook
2018-10-10,0.11,24.82,225.66201617746165,2457,1076,onchain-carried
2018-10-11,0.12,22.99,191.60713355708012,2595,1065,onchain-orderbook
2018-10-12,0.13,24.91,191.60713355708012,2102,1054,onchain-orderbook
2018-10-13,0.13,25.58,196.76997966311853,2102,1054,onchain-carried
2018-10-14,0.13,26.14,201.07581242623726,2102,1054,onchain-orderbook
2018-10-15,0.13,25.45,195.7890541572952,2102,1054,onchain-carried
2018-10-16,0.13,27.47,211.34197468475026,2102,1054,onchain-carried
2018-10-17,0.13,27.46,211.20758485097016,2102,1054,onchain-carried
2018-10-18,0.135,27.57,204.24118664408405,3783,1053,onchain-orderbook
2018-10-19,0.135,27.57,204.24118664408405,3783,1053,onchain-carried
2018-10-20,0.135,27.54,203.96308123908906,3783,1051,onchain-orderbook
2018-10-21,0.135,27.93,206.87472670398182,3783,1051,onchain-carried
2018-10-22,0.135,27.82,206.10784306268934,3783,1051,onchain-carried
2018-10-23,0.135,27.69,205.12384897986476,3783,1051,onchain-orderbook
2018-10-24,0.135,27.48,203.56810304965433,3783,1050,onchain-orderbook
2018-10-25,0.135,27.34,202.51675529059494,3783,1047,onchain-orderbook
2018-10-26,0.14,28.51,203.62018998877284,4392,1047,onchain-orderbook
2018-10-27,0.14,28.51,203.62018998877284,4392,1049,onchain-orderbook
2018-10-28,0.13,26.42,203.23193008227867,3239,1069,onchain-orderbook
2018-10-29,0.13,25.45,195.79225996193657,3239,1068,onchain-orderbook
2018-10-30,0.13,25.64,197.2457441812411,3239,1068,onchain-carried
2018-10-31,0.13,25.85,198.84302157798402,3286,1067,onchain-orderbook
2018-11-01,0.13,25.89,199.1673408896191,3312,1067,onchain-orderbook
2018-11-02,0.13,26.32,202.49094457517944,3312,1067,onchain-carried
2018-11-03,0.13,26.01,200.08273111902182,3312,1064,onchain-orderbook
2018-11-04,0.13,26.89,206.84081497127067,3312,1064,onchain-carried
2018-11-05,0.13,27.12,208.61779622878015,3312,1064,onchain-carried
2018-11-06,0.13,28.42,218.58335485922146,3312,1062,onchain-orderbook
2018-11-07,0.13,28.41,218.5041874301258,3312,1068,onchain-orderbook
2018-11-08,0.135,28.83,213.5773378912693,2783,1067,onchain-orderbook
2018-11-09,0.135,28.47,210.89007164699072,2783,1068,onchain-orderbook
2018-11-10,0.135,28.7,212.62635469367845,2783,1068,onchain-carried
2018-11-11,0.135,28.59,211.77394317370673,2783,1068,onchain-carried
2018-11-12,0.135,28.57,211.65690924875202,2783,1067,onchain-orderbook
2018-11-13,0.135,28.05,207.8124593057009,2783,1065,onchain-orderbook
2018-11-14,0.135,24.61,182.29445940958706,2783,1064,onchain-orderbook
2018-11-15,0.135,24.64,182.50755418974742,2783,1064,onchain-carried
2018-11-16,0.135,24.64,182.50755418974742,2783,1064,onchain-carried
2018-11-17,0.135,23.72,175.72350269972097,2783,1063,onchain-orderbook
2018-11-18,0.1249,21.94,175.69881624909777,3034,1067,onchain-orderbook
2018-11-19,0.1249,22.22,177.92107418532618,3034,1066,onchain-orderbook
2018-11-20,0.1249,18.7,149.6908993272395,2987,1051,onchain-orderbook
2018-11-21,0.1249,16.55,132.53804537768914,2987,1050,onchain-orderbook
2018-11-22,0.1249,15.97,127.89823301271913,2987,1049,onchain-orderbook
2018-11-23,0.1249,15.47,123.87813078868393,2987,1049,onchain-carried
2018-11-24,0.1249,14.25,114.10512769696794,2987,1048,onchain-orderbook
2018-11-25,0.1249,14.64,117.25233358603467,2987,1045,onchain-orderbook
2018-11-26,0.135,14.7,108.86487030856183,2783,1040,onchain-orderbook
2018-11-27,0.135,14.93,110.58218297238028,2848,1033,onchain-orderbook
2018-11-28,0.135,16.52,122.33437859039142,2848,1030,onchain-orderbook
2018-11-29,0.135,15.92,117.91784870404044,2848,1026,onchain-orderbook
2018-11-30,0.135,15.92,117.91784870404044,2848,1024,onchain-orderbook
2018-12-01,0.135,15.31,113.4028831522645,2848,1024,onchain-carried
2018-12-02,0.135,15.94,118.10075903673732,2848,1024,onchain-orderbook
2018-12-03,0.14,16.23,115.94428273243844,3235,1022,onchain-orderbook
2018-12-04,0.14,15.19,108.4966961377998,3235,1021,onchain-orderbook
2018-12-05,0.18,19.77,109.85191500097886,5020,1007,onchain-orderbook
2018-12-06,0.18,18.4,102.24775379647332,5020,1003,onchain-orderbook
2018-12-07,0.2,18.22,91.10115845588969,4610,995,onchain-orderbook
2018-12-08,0.23,21.38,92.96795017189604,4610,991,onchain-orderbook
2018-12-09,0.23,20.86,90.67825609691094,4610,991,onchain-carried
2018-12-10,0.23,21.51,93.53012682199429,4610,991,onchain-orderbook
2018-12-11,0.23,20.67,89.85371730794834,4610,991,onchain-orderbook
2018-12-12,0.23,20.21,87.85041070425926,4610,991,onchain-carried
2018-12-13,0.23,20.56,89.37790161622951,4610,960,onchain-orderbook
2018-12-14,0.23,19.77,85.95872706359158,4610,958,onchain-orderbook
2018-12-15,0.23,19.27,83.78596235654511,4610,957,onchain-orderbook
2018-12-16,0.25,20.96,83.8335821320138,2929,948,onchain-orderbook
2018-12-17,0.25,21.12,84.46584639727314,3922,946,onchain-orderbook
2018-12-18,0.25,23.5,93.98771846882673,3922,944,onchain-orderbook
2018-12-19,0.25,25.01,100.05002539321067,3922,943,onchain-orderbook
2018-12-20,0.25,24.91,99.6366815771832,3922,937,onchain-orderbook
2018-12-21,0.25,28.49,113.95503789468648,3922,936,onchain-orderbook
2018-12-22,0.25,27,108.0174406565597,3922,942,onchain-orderbook
2018-12-23,0.25,28.76,115.04582181530175,3922,941,onchain-orderbook
2018-12-24,0.25,32.3,129.20650341412852,3922,937,onchain-orderbook
2018-12-25,0.25,34.74,138.95781833191495,3922,938,onchain-orderbook
2018-12-26,0.25,31.91,127.63707252348217,3922,938,onchain-carried
2018-12-27,0.25,32.35,129.40453423157302,3922,936,onchain-orderbook
2018-12-28,0.25,28.54,114.17296064473099,3922,938,onchain-orderbook
2018-12-29,0.19,25.62,134.8415522974547,3010,936,onchain-orderbook
2018-12-30,0.29,40.24,138.75426661197633,7478,959,onchain-orderbook
2018-12-31,0.28,38.6,137.84815904192456,2846,959,onchain-orderbook
2019-01-01,0.298,39.17,131.45872465603802,4691,957,onchain-orderbook
2019-01-02,0.29,40.19,138.5731816286098,2848,960,onchain-orderbook
2019-01-03,0.29,44.33,152.86045271321305,2848,957,onchain-orderbook
2019-01-04,0.2849,41.8,146.7305994341217,3152,954,onchain-orderbook
2019-01-05,0.2849,43.61,153.0565669307744,3152,966,onchain-orderbook
2019-01-06,0.2849,43.78,153.65187149457,3152,966,onchain-carried
2019-01-07,0.275,42.55,154.7231416822804,6531,972,onchain-orderbook
2019-01-08,0.2849,42.71,149.89869762072908,3152,971,onchain-orderbook
2019-01-09,0.2849,42.19,148.10017150420464,3152,971,onchain-orderbook
2019-01-10,0.2849,42.38,148.7388798515161,3152,987,onchain-orderbook
2019-01-11,0.29,36.68,126.4992778662504,2848,987,onchain-orderbook
2019-01-12,0.29,36.28,125.11419510589526,2848,989,onchain-orderbook
2019-01-13,0.29,35.89,123.75936261029351,2848,988,onchain-orderbook
2019-01-14,0.29,33.31,114.87170493308288,2848,988,onchain-carried
2019-01-15,0.29,36.99,127.53967044042399,2848,988,onchain-orderbook
2019-01-16,0.29,34.75,119.81437324652917,2848,987,onchain-orderbook
2019-01-17,0.29,35.34,121.86299056475718,9519,985,onchain-orderbook
2019-01-18,0.29,35.36,121.92726666997898,9519,983,onchain-orderbook
2019-01-19,0.28,33.37,119.1707391686563,5105,977,onchain-orderbook
2019-01-20,0.299,36.76,122.92817578942176,3922,969,onchain-orderbook
2019-01-21,0.299,35.16,117.6078729013454,3922,967,onchain-orderbook
2019-01-22,0.299,34.63,115.82686433322588,3922,965,onchain-orderbook
2019-01-23,0.299,35.23,117.81718880676009,3922,964,onchain-orderbook
2019-01-24,0.299,34.81,116.41601969858114,3922,967,onchain-orderbook
2019-01-25,0.299,34.76,116.24543567436463,3922,978,onchain-orderbook
2019-01-26,0.299,34.43,115.15832610928501,3922,973,onchain-orderbook
2019-01-27,0.299,34.49,115.33716687142687,3922,1004,onchain-orderbook
2019-01-28,0.3,33.72,112.3999248590861,1416,1004,onchain-orderbook
2019-01-29,0.3,31.61,105.35239189764611,1416,1005,onchain-orderbook
2019-01-30,0.3,31.43,104.78025077580924,1416,1002,onchain-orderbook
2019-01-31,0.3,32.54,108.48214113670728,1416,1002,onchain-orderbook
2019-02-01,0.3,31.85,106.15316837707636,1416,998,onchain-orderbook
2019-02-02,0.3,32.21,107.37390292149148,1416,998,onchain-orderbook
2019-02-03,0.3,32.63,108.77817692653159,1416,997,onchain-orderbook
2019-02-04,0.3,32.16,107.19999697185268,1416,997,onchain-carried
2019-02-05,0.3,32.29,107.61824539435413,1416,997,onchain-orderbook
2019-02-06,0.3,32.2,107.31703853339418,1416,997,onchain-carried
2019-02-07,0.3,31.39,104.62362623241391,1416,998,onchain-orderbook
2019-02-08,0.3,31.28,104.26536439234141,1416,997,onchain-orderbook
2019-02-09,0.3,35.8,119.33360463375858,1416,998,onchain-orderbook
2019-02-10,0.3,35.84,119.47883520945855,1416,997,onchain-orderbook
2019-02-11,0.3,37.47,124.88963479029995,1416,997,onchain-carried
2019-02-12,0.3,36.29,120.97026174727318,1416,997,onchain-carried
2019-02-13,0.3,36.76,122.54208894762355,1416,989,onchain-orderbook
2019-02-14,0.3,36.61,122.02076877107278,1416,987,onchain-orderbook
2019-02-15,0.3,36.18,120.59217399552682,1416,987,onchain-carried
2019-02-16,0.3,36.45,121.50432836336435,1416,985,onchain-orderbook
2019-02-17,0.3,36.88,122.93860835926709,1416,985,onchain-carried
2019-02-18,0.3,40.16,133.88146961685993,1416,985,onchain-orderbook
2019-02-19,0.3,43.6,145.32602670603126,1416,984,onchain-orderbook
2019-02-20,0.3,43.1,143.65523417640586,1416,984,onchain-orderbook
2019-02-21,0.3,44.66,148.8684346762975,1416,986,onchain-orderbook
2019-02-22,0.3,43.59,145.2958232437471,1416,979,onchain-orderbook
2019-02-23,0.3,44.41,148.04165031619752,1416,975,onchain-orderbook
2019-02-24,0.294,46.33,157.59310861622725,3260,973,onchain-orderbook
2019-02-25,0.294,40,136.05122252470423,3260,973,onchain-carried
2019-02-26,0.294,40.57,138.0067921824872,3260,974,onchain-orderbook
2019-02-27,0.294,39.98,135.99783785109707,3260,976,onchain-orderbook
2019-02-28,0.294,39.65,134.84981713392082,3260,975,onchain-orderbook
2019-03-01,0.294,39.83,135.4906837644075,3260,975,onchain-carried
2019-03-02,0.294,39.68,134.95470877409352,3260,978,onchain-orderbook
2019-03-03,0.294,38.93,132.40742658761687,3260,979,onchain-orderbook
2019-03-04,0.294,38.38,130.5403477406027,3260,979,onchain-carried
2019-03-05,0.294,36.93,125.6240824924571,3260,979,onchain-orderbook
2019-03-06,0.294,40.05,136.23564416922218,3260,977,onchain-orderbook
2019-03-07,0.294,40.37,137.32665152792868,3260,977,onchain-orderbook
2019-03-08,0.294,40.22,136.78614228385894,3260,977,onchain-carried
2019-03-09,0.294,39.26,133.5416931933968,3260,977,onchain-carried
2019-03-10,0.294,40.29,137.05429958756255,3260,977,onchain-carried
2019-03-11,0.294,39.87,135.62080210154824,3260,977,onchain-orderbook
2019-03-12,0.294,38.92,132.38753404384025,3260,978,onchain-orderbook
2019-03-13,0.294,39.25,133.51746981807344,3260,975,onchain-orderbook
2019-03-14,0.299,39.37,131.6683444532404,2043,972,onchain-orderbook
2019-03-15,0.299,39.55,132.26528207786345,2043,974,onchain-orderbook
2019-03-16,0.299,40.8,136.4478648131974,2043,976,onchain-orderbook
2019-03-17,0.299,42.19,141.08804416286097,2043,976,onchain-carried
2019-03-18,0.299,41.45,138.6212311815611,2043,976,onchain-carried
2019-03-19,0.299,41.16,137.65794893090973,2043,977,onchain-orderbook
2019-03-20,0.299,41.38,138.41044375569479,2043,973,onchain-orderbook
2019-03-21,0.299,41.57,139.03186853903506,2043,972,onchain-orderbook
2019-03-22,0.299,40.37,135.03163782822523,2043,973,onchain-orderbook
2019-03-23,0.299,40.73,136.21208805180262,2043,973,onchain-carried
2019-03-24,0.299,41.02,137.19806866408575,2043,967,onchain-orderbook
2019-03-25,0.299,40.68,136.05748300079634,2043,958,onchain-orderbook
2019-03-26,0.299,39.98,133.71121720496956,2043,962,onchain-orderbook
2019-03-27,0.299,40.08,134.04903020039822,2043,959,onchain-orderbook
2019-03-28,0.34,47.4,139.40481211576736,3099,955,onchain-orderbook
2019-03-29,0.34,46.85,137.80422084668427,3099,949,onchain-orderbook
2019-03-30,0.34,48.65,143.08276510395132,3099,948,onchain-orderbook
2019-03-31,0.34,48.37,142.27023377006446,3099,946,onchain-orderbook
2019-04-01,0.34,48.12,141.5217428983783,3099,946,onchain-orderbook
2019-04-02,0.34,48.06,141.34450113113698,3099,948,onchain-orderbook
2019-04-03,0.34,55.68,163.7687321492806,3099,948,onchain-orderbook
2019-04-04,0.34,54.35,159.8550154197621,3099,949,onchain-orderbook
2019-04-05,0.34,53.59,157.61229309042525,3099,949,onchain-orderbook
2019-04-06,0.34,56.16,165.16405157287707,3099,948,onchain-orderbook
2019-04-07,0.35,57.81,165.17873676809324,2907,951,onchain-orderbook
2019-04-08,0.35,60.93,174.09052297795662,2907,953,onchain-orderbook
2019-04-09,0.35,62.92,179.7803248613571,2907,955,onchain-orderbook
2019-04-10,0.35,61.26,175.0410714383896,2907,954,onchain-orderbook
2019-04-11,0.35,62,177.15288234334943,2907,953,onchain-orderbook
2019-04-12,0.35,57.94,165.5316110470447,2907,953,onchain-orderbook
2019-04-13,0.34,55.9,164.4133115683569,2457,964,onchain-orderbook
2019-04-14,0.34,55.75,163.97160033492332,2457,964,onchain-orderbook
2019-04-15,0.34,57.07,167.85248259650555,2457,964,onchain-orderbook
2019-04-16,0.34,54.57,160.49321863638107,2457,962,onchain-orderbook
2019-04-17,0.35,58.27,166.4845378681717,2907,961,onchain-orderbook
2019-04-18,0.35,58.2,166.28398592687927,2907,958,onchain-orderbook
2019-04-19,0.35,60.79,173.67301290931897,2907,960,onchain-orderbook
2019-04-20,0.34,58.9,173.24042904997725,3922,956,onchain-orderbook
2019-04-21,0.34,58.94,173.35654105549247,3922,955,onchain-orderbook
2019-04-22,0.34,57.8,169.98788930945395,1842,964,onchain-orderbook
2019-04-23,0.34,58.15,171.0434707895899,1842,973,onchain-orderbook
2019-04-24,0.34,57.99,170.54527604860252,2088,974,onchain-orderbook
2019-04-25,0.34,56.3,165.59865315114735,2088,973,onchain-orderbook
2019-04-26,0.3,46.27,154.22836837946852,6514,973,onchain-orderbook
2019-04-27,0.3,46.97,156.55730180983485,6514,973,onchain-orderbook
2019-04-28,0.3,47.48,158.26340941756322,6514,970,onchain-orderbook
2019-04-29,0.3,46.98,156.5905379101886,6514,965,onchain-orderbook
2019-04-30,0.3,46.24,154.11868657795807,6514,964,onchain-orderbook
2019-05-01,0.3,48.27,160.89232687450863,6514,964,onchain-carried
2019-05-02,0.3,47.88,159.6097215592912,6514,964,onchain-carried
2019-05-03,0.3,48.27,160.9160872827485,6514,976,onchain-orderbook
2019-05-04,0.3,49.99,166.63081362730432,6514,974,onchain-orderbook
2019-05-05,0.3,48.84,162.8131908478309,6514,976,onchain-orderbook
2019-05-06,0.44,71.45,162.3779378287605,3378,918,onchain-orderbook
2019-05-07,0.44,75.88,172.45016429153458,3378,923,onchain-orderbook
2019-05-08,0.44,74.4,169.09835226291452,3378,923,onchain-orderbook
2019-05-09,0.44,74.84,170.09763856724152,3378,927,onchain-orderbook
2019-05-10,0.44,75.03,170.5235353011806,3378,921,onchain-orderbook
2019-05-11,0.44,76.02,172.76171588968103,3378,930,onchain-orderbook
2019-05-12,0.44,85.84,195.08074556341344,3378,932,onchain-orderbook
2019-05-13,0.44,82.64,187.81169105099622,3378,930,onchain-orderbook
2019-05-14,0.44,86.23,195.9744996435391,3378,930,onchain-orderbook
2019-05-15,0.44,95.78,217.68639930446915,3378,934,onchain-orderbook
2019-05-16,0.44,109.25,248.28686925713916,3378,938,onchain-orderbook
2019-05-17,0.43,113.91,264.90012138907406,2898,935,onchain-orderbook
2019-05-18,0.43,105.41,245.13841185169505,2898,926,onchain-orderbook
2019-05-19,0.43,100.91,234.68105878585715,2898,923,onchain-orderbook
2019-05-20,0.43,111.99,260.44081484173967,2898,925,onchain-orderbook
2019-05-21,0.43,108.24,251.72891115237653,2898,924,onchain-orderbook
2019-05-22,0.43,109.54,254.75577420340116,2898,916,onchain-orderbook
2019-05-23,0.43,105.01,244.21524752682583,2898,911,onchain-orderbook
2019-05-24,0.43,105.45,245.23024946699522,2898,904,onchain-orderbook
2019-05-25,0.43,107.03,248.9077580990755,2898,906,onchain-orderbook
2019-05-26,0.44,110.48,251.08551200947056,3378,906,onchain-orderbook
2019-05-27,0.43,114.47,266.2107707299385,3762,915,onchain-orderbook
2019-05-28,0.43,117.04,272.1794844494857,3762,916,onchain-orderbook
2019-05-29,0.43,116.77,271.55768893101634,3762,916,onchain-orderbook
2019-05-30,0.44,118.24,268.7286692592565,3378,912,onchain-orderbook
2019-05-31,0.44,112.29,255.2097546492558,3378,919,onchain-orderbook
2019-06-01,0.44,117.86,267.87006144972594,3378,921,onchain-orderbook
2019-06-02,0.42,111.21,264.7856198674485,4488,931,onchain-orderbook
2019-06-03,0.42,113.28,269.7183008152611,4488,931,onchain-orderbook
2019-06-04,0.44,110.53,251.20266452960217,3378,927,onchain-orderbook
2019-06-05,0.44,106,240.9141263577757,3378,926,onchain-orderbook
2019-06-06,0.44,108.19,245.89454854958223,3378,914,onchain-orderbook
2019-06-07,0.44,109.85,249.65968493856445,3378,915,onchain-orderbook
2019-06-08,0.44,110,249.99179414123859,3378,914,onchain-orderbook
2019-06-09,0.44,107.41,244.12364544135156,3378,912,onchain-orderbook
2019-06-10,0.44,101.94,231.68094126115807,3378,911,onchain-orderbook
2019-06-11,0.44,108.88,247.45332944454088,3378,898,onchain-orderbook
2019-06-12,0.44,108.05,245.56680155882682,3378,890,onchain-orderbook
2019-06-13,0.44,115.14,261.676431252708,3378,892,onchain-orderbook
2019-06-14,0.4,102.09,255.21788886182526,3378,883,onchain-orderbook
2019-06-15,0.4,105.42,263.5573050218723,3378,887,onchain-orderbook
2019-06-16,0.45,120.79,268.4309341526794,4303,884,onchain-orderbook
2019-06-17,0.434,116.71,268.90743117673156,3355,885,onchain-orderbook
2019-06-18,0.434,118.73,273.57640847762747,3355,885,onchain-orderbook
2019-06-19,0.434,115.05,265.10219978239354,3355,884,onchain-orderbook
2019-06-20,0.434,116.74,268.9873230458789,3355,890,onchain-orderbook
2019-06-21,0.434,118.18,272.29485818457374,3355,882,onchain-orderbook
2019-06-22,0.4,118.1,295.2378036444994,3378,906,onchain-orderbook
2019-06-23,0.4,123.98,309.9465711456877,3378,907,onchain-orderbook
2019-06-24,0.4,123.27,308.18663111873036,3378,904,onchain-orderbook
2019-06-25,0.4,124.39,310.9670648502168,3378,910,onchain-orderbook
2019-06-26,0.4,127.48,318.6892215513723,3378,911,onchain-orderbook
2019-06-27,0.4,135.2,337.9905809634018,3378,910,onchain-orderbook
2019-06-28,0.4,119.07,297.6749187426528,3378,907,onchain-orderbook
2019-06-29,0.4,124.36,310.9062554191736,3378,907,onchain-orderbook
2019-06-30,0.38,121.58,319.94523668202083,3355,907,onchain-orderbook
2019-07-01,0.38,111.28,292.83887601724456,3355,910,onchain-orderbook
2019-07-02,0.38,111.93,294.55399865392735,3355,911,onchain-orderbook
2019-07-03,0.38,110.66,291.1979698438076,3355,911,onchain-orderbook
2019-07-04,0.38,115.48,303.88470651141483,3355,918,onchain-orderbook
2019-07-05,0.34,97.01,285.33567695881965,3355,918,onchain-orderbook
2019-07-06,0.34,97.85,287.8020002254537,3355,919,onchain-orderbook
2019-07-07,0.34,98.38,289.36452088333203,3355,1095,onchain-orderbook
2019-07-08,0.34,104.04,306.0106534370023,3355,1141,onchain-orderbook
2019-07-09,0.34,106.46,313.12468612125133,3355,1140,onchain-orderbook
2019-07-10,0.34,104.74,308.0573484227558,3355,1139,onchain-orderbook
2019-07-11,0.34,98.68,290.23168338774195,3355,1170,onchain-orderbook
2019-07-12,0.34,91.67,269.631593728009,3355,1246,onchain-orderbook
2019-07-13,0.34,93.85,276.0350066806031,3355,1352,onchain-orderbook
2019-07-14,0.34,91.91,270.31830423673676,3355,1352,onchain-orderbook
2019-07-15,0.34,77.4,227.64200054106811,3355,1354,onchain-orderbook
2019-07-16,0.34,77.92,229.1865433562764,3355,1353,onchain-orderbook
2019-07-17,0.3,59.74,199.14502240723093,7472,1351,onchain-orderbook
2019-07-18,0.3,63.43,211.41939676399372,7281,1350,onchain-orderbook
2019-07-19,0.35,79.08,225.94497169752643,950,1348,onchain-orderbook
2019-07-20,0.3,66.35,221.16355732215868,5519,1346,onchain-orderbook
2019-07-21,0.3,68.67,228.8981106240442,5519,1346,onchain-orderbook
2019-07-22,0.3,67.85,226.15340772656594,5519,1346,onchain-orderbook
2019-07-23,0.3,65.33,217.75436220934978,5519,1346,onchain-orderbook
2019-07-24,0.35,74.46,212.74013156812595,1071,1334,onchain-orderbook
2019-07-25,0.35,75.78,216.50851052254075,1071,1334,onchain-carried
2019-07-26,0.35,76.82,219.48779097276912,1071,1336,onchain-orderbook
2019-07-27,0.39,85.48,219.1852258702598,8715,1333,onchain-orderbook
2019-07-28,0.3,62.08,206.92591637954257,7157,1336,onchain-orderbook
2019-07-29,0.39,82.36,211.17205994441443,8715,1339,onchain-orderbook
2019-07-30,0.39,82.27,210.9379167515229,8715,1340,onchain-orderbook
2019-07-31,0.3,62.91,209.68783336568703,9509,1345,onchain-orderbook
2019-08-01,0.3,65.58,218.59113903655657,9450,1346,onchain-orderbook
2019-08-02,0.3,65.06,216.87343813622888,5519,1345,onchain-orderbook
2019-08-03,0.3,65.31,217.70881076109308,9123,1344,onchain-orderbook
2019-08-04,0.39,86.43,221.613114682665,8715,1345,onchain-orderbook
2019-08-05,0.39,86.58,221.98815294300547,8715,1345,onchain-carried
2019-08-06,0.39,90.76,232.7305936359124,8715,1344,onchain-orderbook
2019-08-07,0.39,88.32,226.46074126804882,8715,1343,onchain-orderbook
2019-08-08,0.39,88,225.64341056074417,8715,1344,onchain-orderbook
2019-08-09,0.3,66.4,221.32988344973697,1397,1338,onchain-orderbook
2019-08-10,0.3,63.08,210.25246607436029,1397,1333,onchain-orderbook
2019-08-11,0.25,51.61,206.45626242761543,6572,1405,onchain-orderbook
2019-08-12,0.25,54.12,216.49808407708568,6480,1398,onchain-orderbook
2019-08-13,0.3,63.34,211.13046126309052,1397,1399,onchain-orderbook
2019-08-14,0.3,62.72,209.05357486542164,1397,1398,onchain-orderbook
2019-08-15,0.3,55.7,185.65530058955875,1397,1399,onchain-orderbook
2019-08-16,0.3,56.5,188.33785181877514,1397,1405,onchain-orderbook
2019-08-17,0.3,55.55,185.15324355177958,1397,1404,onchain-orderbook
2019-08-18,0.3,58.31,194.35736761658467,1397,1404,onchain-carried
2019-08-19,0.3,60.83,202.78222128002548,1397,1404,onchain-carried
2019-08-20,0.3,60.83,202.78222128002548,1397,1404,onchain-carried
2019-08-21,0.3,58.85,196.16350743461626,1397,1403,onchain-orderbook
2019-08-22,0.3,56.25,187.50217513547724,1397,1400,onchain-orderbook
2019-08-23,0.3,57.46,191.52119596772542,1397,1400,onchain-orderbook
2019-08-24,0.3,58.26,194.2093873568753,1397,1400,onchain-orderbook
2019-08-25,0.3,57.2,190.66074952478402,1397,1399,onchain-orderbook
2019-08-26,0.3,55.9,186.32236897942659,1397,1399,onchain-carried
2019-08-27,0.3,56.53,188.43117996236478,1397,1396,onchain-orderbook
2019-08-28,0.3,56.18,187.27307893160992,1397,1396,onchain-carried
2019-08-29,0.3,51.91,173.02703573027782,1397,1394,onchain-orderbook
2019-08-30,0.3,50.68,168.9269344073619,1397,1393,onchain-orderbook
2019-08-31,0.3,50.59,168.64139149735104,1397,1392,onchain-orderbook
2019-09-01,0.25,42.99,171.9423088820678,7385,1391,onchain-orderbook
2019-09-02,0.3,53.27,177.57592595497346,1397,1325,onchain-orderbook
2019-09-03,0.3,53.65,178.82647784328285,1397,1315,onchain-orderbook
2019-09-04,0.3,53.65,178.82647784328285,1397,1333,onchain-orderbook
2019-09-05,0.3,52.4,174.65034671519305,1397,1362,onchain-orderbook
2019-09-06,0.3,52.17,173.90359841637002,1397,1363,onchain-orderbook
2019-09-07,0.3,50.83,169.42286694793444,1397,1364,onchain-orderbook
2019-09-08,0.3,53.37,177.88657991656908,1397,1333,onchain-orderbook
2019-09-09,0.3,54.45,181.4839320522675,1397,1313,onchain-orderbook
2019-09-10,0.3,54.04,180.13133966336406,1397,1294,onchain-orderbook
2019-09-11,0.3,53.42,178.08294980618456,1397,1289,onchain-orderbook
2019-09-12,0.3,53.42,178.08294980618456,1397,1272,onchain-orderbook
2019-09-13,0.3,54.3,181.010836085851,1397,1270,onchain-orderbook
2019-09-14,0.3,54.36,181.2119450035023,1397,1186,onchain-orderbook
2019-09-15,0.3,56.49,188.30568158376607,1397,1114,onchain-orderbook
2019-09-16,0.3,56.93,189.75870064186256,1397,1094,onchain-orderbook
2019-09-17,0.3,59.31,197.70954127863797,1904,1064,onchain-orderbook
2019-09-18,0.3,62.64,208.81091733465135,1904,1049,onchain-orderbook
2019-09-19,0.3,63.05,210.15283723804714,1904,1049,onchain-carried
2019-09-20,0.3,66.42,221.38335887325252,1904,1051,onchain-orderbook
2019-09-21,0.3,65.42,218.08020926673777,1904,1051,onchain-carried
2019-09-22,0.3,64.6,215.34523960456264,1904,1051,onchain-orderbook
2019-09-23,0.3,63.21,210.7076061435547,1904,1051,onchain-carried
2019-09-24,0.3,60.3,201.00337752581868,1904,1050,onchain-orderbook
2019-09-25,0.3,50.46,168.2032614997148,1904,1048,onchain-orderbook
2019-09-26,0.3,51.02,170.07655749965343,1904,1048,onchain-orderbook
2019-09-27,0.3,49.87,166.21680322909975,1904,1041,onchain-orderbook
2019-09-28,0.25,43.47,173.89741067824178,9555,1007,onchain-orderbook
2019-09-29,0.25,43.61,174.42849094942775,9555,1007,onchain-orderbook
2019-09-30,0.25,42.23,168.91473152112218,9555,1008,onchain-orderbook
2019-10-01,0.25,44.19,176.75065485949705,9555,1009,onchain-orderbook
2019-10-02,0.25,45.14,180.57893058773016,9555,1009,onchain-orderbook
2019-10-03,0.25,45.14,180.57893058773016,9555,1009,onchain-orderbook
2019-10-04,0.25,43.66,174.63225095502014,8536,965,onchain-orderbook
2019-10-05,0.25,43.97,175.86315365350248,8536,966,onchain-orderbook
2019-10-06,0.3,52.88,176.2772565733896,1904,963,onchain-orderbook
2019-10-07,0.3,51.18,170.60696901917797,1904,963,onchain-orderbook
2019-10-08,0.3,54.04,180.14424760253544,6068,962,onchain-orderbook
2019-10-09,0.3,54.24,180.78979326727546,6068,964,onchain-orderbook
2019-10-10,0.3,57.38,191.27027894558915,6068,964,onchain-carried
2019-10-11,0.3,54.17,180.55244905183102,6068,964,onchain-orderbook
2019-10-12,0.25,45.14,180.55244905183102,8536,961,onchain-orderbook
2019-10-13,0.25,44.99,179.94653567610214,4657,964,onchain-orderbook
2019-10-14,0.25,45.32,181.2872472944888,9555,968,onchain-orderbook
2019-10-15,0.25,46.65,186.61606753146776,9555,965,onchain-orderbook
2019-10-16,0.25,45.19,180.74563079187547,9555,965,onchain-carried
2019-10-17,0.25,43.72,174.8961626637963,9555,964,onchain-orderbook
2019-10-18,0.33,58.57,177.4769186344818,4811,968,onchain-orderbook
2019-10-19,0.33,57.05,172.88626058117322,4811,966,onchain-orderbook
2019-10-20,0.33,56.66,171.69049694848087,4811,974,onchain-orderbook
2019-10-21,0.33,57.82,175.21210857661558,4811,975,onchain-orderbook
2019-10-22,0.33,57.54,174.35449608806442,4811,975,onchain-carried
2019-10-23,0.25,42.86,171.4265472158501,7375,974,onchain-orderbook
2019-10-24,0.25,40.45,161.78589345220905,7375,974,onchain-orderbook
2019-10-25,0.25,40.17,160.67839136074096,7375,972,onchain-orderbook
2019-10-26,0.25,45.36,181.45319156222183,7375,980,onchain-orderbook
2019-10-27,0.25,44.88,179.53527008259897,7375,992,onchain-orderbook
2019-10-28,0.25,46.04,184.14725508988212,7375,992,onchain-carried
2019-10-29,0.25,45.47,181.86179987269554,7375,992,onchain-orderbook
2019-10-30,0.25,47.63,190.50596091786502,7375,993,onchain-orderbook
2019-10-31,0.25,45.78,183.13375148673262,7375,993,onchain-orderbook
2019-11-01,0.25,45.61,182.4317305273119,7375,995,onchain-orderbook
2019-11-02,0.25,45.77,183.064191451962,8095,993,onchain-orderbook
2019-11-03,0.25,45.8,183.21568174708486,8095,991,onchain-orderbook
2019-11-04,0.25,45.46,181.8244399622803,8095,990,onchain-orderbook
2019-11-05,0.25,46.44,185.76433086001398,8095,991,onchain-orderbook
2019-11-06,0.25,47.17,188.6689786088789,8095,994,onchain-orderbook
2019-11-07,0.25,47.83,191.3004004540056,8095,992,onchain-orderbook
2019-11-08,0.25,46.7,186.81653195658674,8095,991,onchain-orderbook
2019-11-09,0.25,45.92,183.6736227613274,8095,993,onchain-orderbook
2019-11-10,0.35,64.73,184.93008101934802,6682,992,onchain-orderbook
2019-11-11,0.35,66.18,189.07213177994285,6682,992,onchain-orderbook
2019-11-12,0.25,46.21,184.839873654298,8095,991,onchain-orderbook
2019-11-13,0.25,46.76,187.04121202429138,8095,998,onchain-orderbook
2019-11-14,0.25,46.96,187.84288849379362,8095,998,onchain-orderbook
2019-11-15,0.25,46.2,184.78830689468228,8095,998,onchain-carried
2019-11-16,0.25,45.04,180.16871140792335,8095,997,onchain-orderbook
2019-11-17,0.25,45.65,182.5991130982844,8095,997,onchain-orderbook
2019-11-18,0.25,46,183.9879638750186,8095,997,onchain-orderbook
2019-11-19,0.25,44.48,177.91829856908757,8095,1004,onchain-orderbook
2019-11-20,0.25,43.96,175.8204845763924,8095,1003,onchain-orderbook
2019-11-21,0.25,43.67,174.67824804178562,8095,1002,onchain-orderbook
2019-11-22,0.34,54.79,161.15147727923085,8051,1000,onchain-orderbook
2019-11-23,0.36,53.97,149.92569206419535,5855,975,onchain-orderbook
2019-11-24,0.36,54.71,151.96608493452732,5855,975,onchain-orderbook
2019-11-25,0.37,51.89,140.24681084120735,5855,972,onchain-orderbook
2019-11-26,0.37,54.15,146.34618694453036,5855,975,onchain-orderbook
2019-11-27,0.37,54.6,147.57506848968612,5855,974,onchain-orderbook
2019-11-28,0.37,56.47,152.615068348219,5855,974,onchain-orderbook
2019-11-29,0.37,55.84,150.91974516966573,5855,975,onchain-orderbook
2019-11-30,0.37,57.07,154.25530586508248,5855,975,onchain-carried
2019-12-01,0.37,56.07,151.5518318584306,5855,976,onchain-orderbook
2019-12-02,0.37,55.88,151.02315688624967,5855,974,onchain-orderbook
2019-12-03,0.37,55.08,148.86726798663648,5855,974,onchain-orderbook
2019-12-04,0.37,54.44,147.12795176955626,5855,972,onchain-orderbook
2019-12-05,0.37,53.8,145.40170953026762,5855,970,onchain-orderbook
2019-12-06,0.34,50.25,147.79749210977155,3762,971,onchain-orderbook
2019-12-07,0.33,49.02,148.54772697410948,4486,972,onchain-orderbook
2019-12-08,0.37,54.4,147.03639214217952,5855,967,onchain-orderbook
2019-12-09,0.37,55.61,150.29507575019733,5855,963,onchain-orderbook
2019-12-10,0.37,54.54,147.40263034365475,5855,962,onchain-orderbook
2019-12-11,0.37,53.86,145.56867918491014,5855,960,onchain-orderbook
2019-12-12,0.37,52.96,143.12935984289393,5855,960,onchain-orderbook
2019-12-13,0.37,53.58,144.81901101223065,5855,960,onchain-carried
2019-12-14,0.37,53.51,144.6187808332106,5855,959,onchain-orderbook
2019-12-15,0.37,52.47,141.81841705041745,5855,959,onchain-orderbook
2019-12-16,0.37,52.62,142.21086918955265,8095,960,onchain-orderbook
2019-12-17,0.35,46.44,132.68803376667958,9361,959,onchain-orderbook
2019-12-18,0.35,42.63,121.80069003313818,9361,957,onchain-orderbook
2019-12-19,0.35,46.46,132.74136111736684,9361,957,onchain-carried
2019-12-20,0.35,44.85,128.14104177267737,6580,955,onchain-orderbook
2019-12-21,0.37,47.47,128.28804586849944,8095,954,onchain-orderbook
2019-12-22,0.38,48.28,127.06049484104865,6572,953,onchain-orderbook
2019-12-23,0.38,50.23,132.17746965077103,6572,951,onchain-orderbook
2019-12-24,0.38,48.68,128.09975596250425,6572,949,onchain-orderbook
2019-12-25,0.38,48.62,127.94408857899539,6572,949,onchain-orderbook
2019-12-26,0.38,47.55,125.12517547857571,6572,943,onchain-orderbook
2019-12-27,0.37,46.38,125.34739797187076,9453,940,onchain-orderbook
2019-12-28,0.37,46.74,126.31417465039989,9453,944,onchain-orderbook
2019-12-29,0.37,47.35,127.97819403346233,9453,942,onchain-orderbook
2019-12-30,0.44,59.11,134.32996985741934,9453,944,onchain-orderbook
2019-12-31,0.42,55.1,131.18091765806824,6580,945,onchain-orderbook
2020-01-01,0.43,55.39,128.8124158026976,4484,934,onchain-orderbook
2020-01-02,0.44,57.44,130.54256731109814,1456,941,onchain-orderbook
2020-01-03,0.44,55.9,127.04525801179804,1456,929,onchain-orderbook
2020-01-04,0.46,61.5,133.70264861844188,1456,769,onchain-orderbook
2020-01-05,0.48,64.39,134.1368826978575,2535,831,onchain-orderbook
2020-01-06,0.48,64.88,135.15713455286303,2535,825,onchain-orderbook
2020-01-07,0.55,79.09,143.80639795566535,6492,792,onchain-orderbook
2020-01-08,0.57,81.52,143.019432264986,4329,794,onchain-orderbook
2020-01-09,0.57,79.96,140.27393527388705,4329,789,onchain-orderbook
2020-01-10,0.57,78.47,137.6693696046312,4329,771,onchain-orderbook
2020-01-11,0.56,80.98,144.6047743464792,5544,773,onchain-orderbook
2020-01-12,0.57,81.04,142.18233327497873,4329,764,onchain-orderbook
2020-01-13,0.57,82.78,145.21943595168545,4329,764,onchain-orderbook
2020-01-14,0.57,81.85,143.58796905036286,4329,764,onchain-orderbook
2020-01-15,0.57,94.62,165.99143854583525,4329,758,onchain-orderbook
2020-01-16,0.58,96.43,166.26420995168263,9233,748,onchain-orderbook
2020-01-17,0.64,104.84,163.80590111423027,4910,749,onchain-orderbook
2020-01-18,0.64,109.16,170.56176876698808,4910,739,onchain-orderbook
2020-01-19,0.68,118.48,174.23837318258896,4910,768,onchain-orderbook
2020-01-20,0.68,113.31,166.6271059505621,4910,768,onchain-orderbook
2020-01-21,0.68,113.3,166.61637593567013,4910,772,onchain-orderbook
2020-01-22,0.68,115.11,169.27993585839258,4910,772,onchain-orderbook
2020-01-23,0.68,114.12,167.8280117490103,4910,768,onchain-orderbook
2020-01-24,0.66,107.61,163.04950224665842,2043,769,onchain-orderbook
2020-01-25,0.66,107.08,162.2477776602177,2043,775,onchain-orderbook
2020-01-26,0.66,105.73,160.20092861569867,2043,794,onchain-orderbook
2020-01-27,0.65,108.97,167.6474095857562,3159,796,onchain-orderbook
2020-01-28,0.64,108.63,169.7364357354222,2151,796,onchain-orderbook
2020-01-29,0.59,103.36,175.19000305345378,3806,799,onchain-orderbook
2020-01-30,0.59,102.49,173.70688823620796,3806,798,onchain-orderbook
2020-01-31,0.59,108.99,184.72621843141044,3806,807,onchain-orderbook
2020-02-01,0.6,107.54,179.22910385240368,6122,807,onchain-orderbook
2020-02-02,0.62,113.78,183.51934623712876,4879,812,onchain-orderbook
2020-02-03,0.62,116.9,188.55064179431113,4879,810,onchain-orderbook
2020-02-04,0.62,117.69,189.83060021651266,4879,809,onchain-orderbook
2020-02-05,0.63,118.97,188.84220736948276,5544,807,onchain-orderbook
2020-02-06,0.63,128.43,203.8593183747095,6122,827,onchain-orderbook
2020-02-07,0.6,127.64,212.73341421352782,4631,849,onchain-orderbook
2020-02-08,0.6,134.02,223.3696654503776,2750,852,onchain-orderbook
2020-02-09,0.6,133.98,223.30077697426225,2750,850,onchain-orderbook
2020-02-10,0.59,134.69,228.29226083217347,2151,848,onchain-orderbook
2020-02-11,0.59,132.25,224.14699652028605,2151,845,onchain-orderbook
2020-02-12,0.59,139.7,236.78534852972567,2151,869,onchain-orderbook
2020-02-13,0.59,156.76,265.69993965374283,2151,871,onchain-orderbook
2020-02-14,0.59,158.09,267.9444683119771,2151,875,onchain-orderbook
2020-02-15,0.59,167.99,284.72715180341993,2151,875,onchain-orderbook
2020-02-16,0.59,155.7,263.8999463915962,2151,877,onchain-orderbook
2020-02-17,0.59,154.17,261.30107336315956,2151,875,onchain-orderbook
2020-02-18,0.58,155.4,267.9356656159883,7245,874,onchain-orderbook
2020-02-19,0.6,169.17,281.9457403055278,6008,875,onchain-orderbook
2020-02-20,0.6,155.54,259.23828127205985,6008,875,onchain-orderbook
2020-02-21,0.6,154.79,257.9883953048601,6008,875,onchain-orderbook
2020-02-22,0.59,156.41,265.10343689751556,4201,885,onchain-orderbook
2020-02-23,0.57,149.01,261.42229016564795,9697,885,onchain-orderbook
2020-02-24,0.56,153.79,274.6312157785517,4201,886,onchain-orderbook
2020-02-25,0.56,148.54,265.2421912203732,4201,884,onchain-orderbook
2020-02-26,0.59,146.51,248.31738139395102,7744,884,onchain-orderbook
2020-02-27,0.59,132.64,224.81050829744677,7744,886,onchain-orderbook
2020-02-28,0.6,135.26,225.42971511683754,6008,882,onchain-orderbook
2020-02-29,0.6,136.42,227.3684148354037,6008,884,onchain-orderbook
2020-03-01,0.6,131.01,218.34835692985286,6008,884,onchain-orderbook
2020-03-02,0.6,131.36,218.93979697447656,6008,883,onchain-orderbook
2020-03-03,0.6,139.01,231.67944604592213,6008,883,onchain-orderbook
2020-03-04,0.6,134.23,223.72038947919754,6008,882,onchain-orderbook
2020-03-05,0.6,134.69,224.48012185520747,6008,882,onchain-carried
2020-03-06,0.6,136.85,228.0809351016884,6008,880,onchain-orderbook
2020-03-07,0.6,146.54,244.23846951978683,6008,877,onchain-orderbook
2020-03-08,0.6,142.6,237.66618486469724,6008,875,onchain-orderbook
2020-03-09,0.6,119.36,198.93219571302,6008,871,onchain-orderbook
2020-03-10,0.6,120.51,200.84687148188746,6008,870,onchain-orderbook
2020-03-11,0.6,120.45,200.74903854851766,6008,870,onchain-carried
2020-03-12,0.6,116.84,194.73609918246933,6008,868,onchain-orderbook
2020-03-13,0.6,66.36,110.5978978308351,6008,853,onchain-orderbook
2020-03-14,0.6,79.54,132.57285770180832,6008,845,onchain-orderbook
2020-03-15,0.6,73.57,122.61048141562259,6008,846,onchain-orderbook
2020-03-16,0.59,72.98,123.68947362240196,3193,844,onchain-orderbook
2020-03-17,0.6,66.59,110.99159845334059,6008,847,onchain-orderbook
2020-03-18,0.6,70.33,117.21704138518466,6008,847,onchain-carried
2020-03-19,0.6,70.71,117.84510512070943,6008,847,onchain-orderbook
2020-03-20,0.6,82.09,136.81187578973578,6008,847,onchain-orderbook
2020-03-21,0.6,79.18,131.96469397290025,6008,845,onchain-orderbook
2020-03-22,0.6,79.38,132.3067988157431,6008,846,onchain-orderbook
2020-03-23,0.6,73.51,122.5205987665882,6008,846,onchain-orderbook
2020-03-24,0.53,71.86,135.58865798037067,3193,847,onchain-orderbook
2020-03-25,0.53,73.62,138.89885130252844,3193,845,onchain-orderbook
2020-03-26,0.53,72.2,136.23392142176775,3193,843,onchain-orderbook
2020-03-27,0.53,73.67,138.99724913026674,3193,843,onchain-carried
2020-03-28,0.53,69.77,131.64589198279475,3193,843,onchain-orderbook
2020-03-29,0.53,69.65,131.42405214081145,3193,842,onchain-orderbook
2020-03-30,0.53,66.42,125.31887451568916,3193,841,onchain-orderbook
2020-03-31,0.53,70.15,132.3614062367172,3193,842,onchain-orderbook
2020-04-01,0.53,72.19,136.21638557312852,3193,841,onchain-orderbook
2020-04-02,0.53,74.97,141.4537053523866,3193,841,onchain-orderbook
2020-04-03,0.53,74.97,141.4537053523866,3193,842,onchain-orderbook
2020-04-04,0.53,74.87,141.26154326644877,3193,842,onchain-orderbook
2020-04-05,0.53,76.43,144.200802681986,3193,842,onchain-carried
2020-04-06,0.59,84.28,142.8508834648482,7843,841,onchain-orderbook
2020-04-07,0.58,98.85,170.43239626665152,6363,841,onchain-orderbook
2020-04-08,0.58,95.43,164.52729762652987,6363,839,onchain-orderbook
2020-04-09,0.58,100.18,172.728115202561,6363,838,onchain-orderbook
2020-04-10,0.58,98.65,170.08928105043805,6363,836,onchain-orderbook
2020-04-11,0.58,91.49,157.74015800780134,6363,838,onchain-orderbook
2020-04-12,0.58,91.98,158.58782905964907,6363,838,onchain-carried
2020-04-13,0.58,92.14,158.8638257195104,6363,834,onchain-orderbook
2020-04-14,0.58,90.89,156.70135879140688,6363,834,onchain-carried
2020-04-15,0.58,91.79,158.26715118298955,6363,834,onchain-carried
2020-04-16,0.58,88.87,153.2228636800284,6363,834,onchain-orderbook
2020-04-17,0.51,87.61,171.7759907508837,4219,829,onchain-orderbook
2020-04-18,0.51,86.93,170.445890477055,4219,828,onchain-orderbook
2020-04-19,0.5,93.57,187.14354411560592,3378,826,onchain-orderbook
2020-04-20,0.5,90.03,180.05859654051866,3378,826,onchain-orderbook
2020-04-21,0.5,85.35,170.70405868653958,3378,825,onchain-orderbook
2020-04-22,0.5,85.23,170.45154288047368,3378,824,onchain-orderbook
2020-04-23,0.51,92.96,182.2767576620704,4219,823,onchain-orderbook
2020-04-24,0.51,94.14,184.59370248021838,4219,822,onchain-orderbook
2020-04-25,0.51,95.55,187.34336861419638,4219,846,onchain-orderbook
2020-04-26,0.52,100.94,194.11423682570447,7885,873,onchain-orderbook
2020-04-27,0.52,102.56,197.22990444623989,7885,864,onchain-orderbook
2020-04-28,0.54,106.09,196.46262535084685,8104,870,onchain-orderbook
2020-04-29,0.55,108.44,197.15473156634306,8322,861,onchain-orderbook
2020-04-30,0.55,118.55,215.54817266567386,8322,859,onchain-orderbook
2020-05-01,0.55,113.06,205.55600541063674,8322,860,onchain-orderbook
2020-05-02,0.55,116.58,211.96829534904975,8322,856,onchain-orderbook
2020-05-03,0.55,117.61,213.83578526198485,8322,849,onchain-orderbook
2020-05-04,0.55,115.51,210.02470947464775,8322,844,onchain-orderbook
2020-05-05,0.55,113.76,206.8325342346069,8322,846,onchain-orderbook
2020-05-06,0.55,112.88,205.23533516426085,8322,849,onchain-orderbook
2020-05-07,0.55,109.56,199.20793108735188,8322,848,onchain-orderbook
2020-05-08,0.55,116.47,211.76457267838032,8322,838,onchain-orderbook
2020-05-09,0.55,116.43,211.68904835113835,8322,823,onchain-orderbook
2020-05-10,0.55,115.74,210.4318181376063,8322,812,onchain-orderbook
2020-05-11,0.55,103.48,188.13722615896586,8322,806,onchain-orderbook
2020-05-12,0.55,102.12,185.67471809740294,8322,799,onchain-orderbook
2020-05-13,0.55,104.12,189.30578181851274,8322,800,onchain-orderbook
2020-05-14,0.699999,139.56,199.36937254304945,2032,760,onchain-orderbook
2020-05-15,0.699999,142.25,203.21124699378416,2032,759,onchain-orderbook
2020-05-16,0.699999,135.99,194.27309778153102,2032,741,onchain-orderbook
2020-05-17,0.8,160.47,200.58339090310048,5144,711,onchain-orderbook
2020-05-18,0.8,165.42,206.76889403683904,5144,707,onchain-orderbook
2020-05-19,0.8,171.49,214.35764164526782,5144,701,onchain-orderbook
2020-05-20,0.82,175.22,213.68672021176667,5557,696,onchain-orderbook
2020-05-21,0.8,167.94,209.9207882888633,6654,703,onchain-orderbook
2020-05-22,1,198.92,198.9175157507187,3897,672,onchain-orderbook
2020-05-23,1,206.85,206.85040366696086,3897,683,onchain-orderbook
2020-05-24,1.09,224.54,205.99794625723897,9040,703,onchain-orderbook
2020-05-25,1.12,224.77,200.69072858230618,1324,705,onchain-orderbook
2020-05-26,1.24,252.72,203.81011834234977,1324,736,onchain-orderbook
2020-05-27,1.38,277.33,200.96361540675866,2194,721,onchain-orderbook
2020-05-28,1.38,286.83,207.84589389085414,2194,756,onchain-orderbook
2020-05-29,1.35,296.45,219.59156405880168,4174,814,onchain-orderbook
2020-05-30,1.32,291.05,220.49116734603788,1469,820,onchain-orderbook
2020-05-31,1.3,315.52,242.70977026782677,3143,821,onchain-orderbook
2020-06-01,1.3,302.03,232.33100303896677,3143,816,onchain-orderbook
2020-06-02,1.25,310.06,248.04456658448655,2194,818,onchain-orderbook
2020-06-03,1.24,294.21,237.26532012867918,2777,836,onchain-orderbook
2020-06-04,1.24,302.72,244.1253366100756,2777,836,onchain-orderbook
2020-06-05,1.2,292.08,243.39950668804718,3143,836,onchain-orderbook
2020-06-06,1.15,276.28,240.24696898765103,9335,839,onchain-orderbook
2020-06-07,1.15,278.17,241.89064683951634,9335,842,onchain-orderbook
2020-06-08,1.15,280.97,244.32081890167888,9335,841,onchain-orderbook
2020-06-09,1.15,283.15,246.21993292852605,9335,846,onchain-orderbook
2020-06-10,1.15,280.43,243.8495266518988,9335,849,onchain-orderbook
2020-06-11,1.01,250.54,248.05705231068745,4871,847,onchain-orderbook
2020-06-12,1.15,266.32,231.5851067423382,9335,842,onchain-orderbook
2020-06-13,1.15,273.23,237.59341087744238,9335,834,onchain-orderbook
2020-06-14,1.15,273.91,238.18634497491792,9335,840,onchain-orderbook
2020-06-15,1.15,267.04,232.20839862621438,9335,840,onchain-orderbook
2020-06-16,1.239,286.23,231.0170115525279,9335,840,onchain-orderbook
2020-06-17,1.239,291.52,235.28847948297147,9335,824,onchain-orderbook
2020-06-18,1.239,289.76,233.8636184621818,9335,828,onchain-orderbook
2020-06-19,0.99,229.37,231.68485732135008,8984,828,onchain-orderbook
2020-06-20,1.13,258.99,229.19663654246114,3665,870,onchain-orderbook
2020-06-21,1.13,258.62,228.8691487972198,3665,870,onchain-orderbook
2020-06-22,1.13,257.24,227.6456128200875,3665,870,onchain-orderbook
2020-06-23,1,243.21,243.21342493252592,6535,867,onchain-orderbook
2020-06-24,1,243.15,243.14649506513442,6535,870,onchain-orderbook
2020-06-25,0.9,211.21,234.6754847449693,8542,870,onchain-orderbook
2020-06-26,0.89,206.75,232.30572621206383,8494,867,onchain-orderbook
2020-06-27,0.79,181.41,229.6365260272679,8494,869,onchain-orderbook
2020-06-28,0.79,174.61,221.0260852973422,8730,868,onchain-orderbook
2020-06-29,0.99,222.87,225.12294616525017,3665,869,onchain-orderbook
2020-06-30,0.99,225.7,227.98064649752774,3665,867,onchain-orderbook
2020-07-01,0.99,223.11,225.3661862163411,3665,865,onchain-orderbook
2020-07-02,0.99,228.36,230.66194359094902,3665,830,onchain-orderbook
2020-07-03,0.88,199.39,226.57442434030435,1403,834,onchain-orderbook
2020-07-04,0.88,198.16,225.1764054804081,1403,831,onchain-orderbook
2020-07-05,0.88,201.6,229.09471646218861,1403,829,onchain-orderbook
2020-07-06,0.88,200.55,227.8993750381917,1403,826,onchain-orderbook
2020-07-07,0.89,214.96,241.52685187431663,7254,828,onchain-orderbook
2020-07-08,0.89,212.68,238.96448054067793,7254,843,onchain-orderbook
2020-07-09,0.89,219.7,246.85900786802029,1469,841,onchain-orderbook
2020-07-10,0.89,215.34,241.95654505451668,1469,842,onchain-orderbook
2020-07-11,0.89,214.48,240.98499427070905,1469,842,onchain-orderbook
2020-07-12,0.89,212.8,239.10202554671358,1469,843,onchain-orderbook
2020-07-13,0.89,215.18,241.7715226007061,1469,842,onchain-orderbook
2020-07-14,0.89,213.03,239.36405768569634,1469,841,onchain-orderbook
2020-07-15,0.89,213.82,240.25147066847245,1469,839,onchain-orderbook
2020-07-16,0.89,212.41,238.66359720631723,1469,840,onchain-orderbook
2020-07-17,0.89,207.91,233.60663961259434,1469,838,onchain-orderbook
2020-07-18,0.89,207.11,232.70817116154356,1469,838,onchain-carried
2020-07-19,0.89,209.76,235.6811447764246,1469,837,onchain-orderbook
2020-07-20,0.89,212.62,238.89523167867932,1469,836,onchain-orderbook
2020-07-21,0.89,210.09,236.06009844538684,1469,836,onchain-orderbook
2020-07-22,0.89,218.39,245.38177240958674,1469,836,onchain-orderbook
2020-07-23,0.93,245.3,263.7624639660021,9040,834,onchain-orderbook
2020-07-24,0.89,244.3,274.4945286091017,7313,833,onchain-orderbook
2020-07-25,0.89,248.69,279.42705624758224,7313,844,onchain-orderbook
2020-07-26,0.89,271.48,305.0381394111965,7313,847,onchain-orderbook
2020-07-27,0.89,277.03,311.2702378400244,7313,847,onchain-orderbook
2020-07-28,0.89,285.22,320.47619130968184,7313,854,onchain-orderbook
2020-07-29,0.93,294.96,317.15890332584934,9040,853,onchain-orderbook
2020-07-30,0.99,314.36,317.5390729161191,3665,848,onchain-orderbook
2020-07-31,0.89,298.9,335.8425186795659,8540,844,onchain-orderbook
2020-08-01,0.89,307.94,346.00350607288686,8540,845,onchain-orderbook
2020-08-02,0.89,345.27,387.94242117124685,8540,842,onchain-orderbook
2020-08-03,0.88,326.24,370.7323024312388,8817,846,onchain-orderbook
2020-08-04,0.87,336.04,386.24744771780877,2777,846,onchain-orderbook
2020-08-05,0.79,307.61,389.3830083498991,2785,848,onchain-orderbook
2020-08-06,0.87,348.16,400.18436250317995,2777,846,onchain-orderbook
2020-08-07,0.88,347.2,394.5417454611831,8817,838,onchain-orderbook
2020-08-08,0.88,334.06,379.61345801471316,8817,843,onchain-orderbook
2020-08-09,0.88,347.36,394.72260511311805,8817,844,onchain-orderbook
2020-08-10,0.88,343.87,390.75890720379203,8817,846,onchain-orderbook
2020-08-11,0.88,348.15,395.62210300956394,8817,846,onchain-carried
2020-08-12,0.88,333.67,379.17476395275435,8817,844,onchain-orderbook
2020-08-13,0.88,340.35,386.7668688034976,8817,847,onchain-orderbook
2020-08-14,0.85,361.41,425.1934468866115,4477,837,onchain-orderbook
2020-08-15,0.85,371.44,436.98633331412043,4477,837,onchain-orderbook
2020-08-16,0.85,367.76,432.6546652389318,4477,837,onchain-orderbook
2020-08-17,0.85,368.42,433.43186093211244,4477,837,onchain-orderbook
2020-08-18,0.85,365.53,430.03250508972275,2868,840,onchain-orderbook
2020-08-19,0.85,358.79,422.10665286599425,2868,844,onchain-orderbook
2020-08-20,0.85,345.18,406.0932671921693,2868,841,onchain-orderbook
2020-08-21,0.85,354,416.46977582279794,2868,842,onchain-orderbook
2020-08-22,0.85,328.8,386.8238914189483,2868,838,onchain-orderbook
2020-08-23,0.87,344.42,395.88501828908585,2188,832,onchain-orderbook
2020-08-24,0.85,332.17,390.7891350477376,8379,833,onchain-orderbook
2020-08-25,0.87,355.19,408.2691456317229,2188,830,onchain-orderbook
2020-08-26,0.85,325.08,382.4464226451533,2777,836,onchain-orderbook
2020-08-27,0.85,327.89,385.75249987492117,2777,843,onchain-orderbook
2020-08-28,0.8,306.28,382.85021469054124,2777,847,onchain-orderbook
2020-08-29,0.8,316.11,395.1382132386204,2777,852,onchain-orderbook
2020-08-30,0.75,298.85,398.4703655886363,5711,852,onchain-orderbook
2020-08-31,0.76,325.93,428.85317834488023,6536,848,onchain-orderbook
2020-09-01,0.75,326.77,435.6930232991007,2194,847,onchain-orderbook
2020-09-02,0.75,356.76,475.6846642626859,2194,847,onchain-orderbook
2020-09-03,0.75,329.52,439.35376021531494,2194,846,onchain-orderbook
2020-09-04,0.75,287.77,383.6915311779978,2194,844,onchain-orderbook
2020-09-05,0.75,291.2,388.265260166833,2194,844,onchain-carried
2020-09-06,0.88,294.33,334.46859301354317,8817,830,onchain-orderbook
2020-09-07,0.89,314.16,352.99300214607035,1238,806,onchain-orderbook
2020-09-08,0.89,313.17,351.8778602923998,1238,813,onchain-orderbook
2020-09-09,0.9,304.06,337.84505193506857,7323,804,onchain-orderbook
2020-09-10,0.94,330.16,351.2322670832359,9114,802,onchain-orderbook
2020-09-11,1.38,507.55,367.7879348109583,8984,700,onchain-orderbook
2020-09-12,1.38,515.99,373.9079622546078,8984,725,onchain-orderbook
2020-09-13,1.38,535.06,387.72351629002264,8984,745,onchain-orderbook
2020-09-14,1.94,710.23,366.1003526366457,7238,553,onchain-orderbook
2020-09-15,1.93,727.19,376.7815195031208,6605,544,onchain-orderbook
2020-09-16,1.93,703.21,364.35782704589775,6605,536,onchain-orderbook
2020-09-17,1.93,704.34,364.9421727930465,6605,533,onchain-orderbook
2020-09-18,1.95,759.04,389.25362413378,2309,528,onchain-orderbook
2020-09-19,1.94,743.36,383.17286599152135,8730,525,onchain-orderbook
2020-09-20,2.15,827.83,385.0389013132142,7279,527,onchain-orderbook
2020-09-21,2.1,779.03,370.9678951624775,4994,543,onchain-orderbook
2020-09-22,2.1,716.68,341.27713087183076,4994,550,onchain-orderbook
2020-09-23,2.15,739.42,343.9175471009491,3473,542,onchain-orderbook
2020-09-24,2.65,848.04,320.01582677971794,8048,551,onchain-orderbook
2020-09-25,2.9,1011.58,348.8210199785493,2228,548,onchain-orderbook
2020-09-26,3,1055.43,351.81054998643424,2556,540,onchain-orderbook
2020-09-27,3.27,1157.23,353.8936761662694,8108,552,onchain-orderbook
2020-09-28,5.79,2067.41,357.0664364067552,3769,426,onchain-orderbook
2020-09-29,5.94,2105.31,354.4295835375506,2875,427,onchain-orderbook
2020-09-30,5.8,2085.71,359.60454842297924,4011,443,onchain-orderbook
2020-10-01,4.95,1778.8,359.3525736951381,5965,462,onchain-orderbook
2020-10-02,5.5,1942.59,353.1978481381707,3350,469,onchain-orderbook
2020-10-03,5.58,1930.19,345.9125682279143,3369,463,onchain-orderbook
2020-10-04,5.5,1903.28,346.0507808464497,1845,463,onchain-orderbook
2020-10-05,5.2,1832.79,352.4588065039611,8655,471,onchain-orderbook
2020-10-06,4.71,1665.48,353.6044273109067,5965,484,onchain-orderbook
2020-10-07,4.4,1498.71,340.6160218128092,5965,511,onchain-orderbook
2020-10-08,4.25,1452.4,341.7403838210948,8436,533,onchain-orderbook
2020-10-09,4.5,1581.11,351.3576494897685,7132,536,onchain-orderbook
2020-10-10,4.5,1642.62,365.025951352415,7132,532,onchain-orderbook
2020-10-11,4.7,1745.46,371.37489159680723,3350,564,onchain-orderbook
2020-10-12,5.125,1919.3,374.4970150925736,3549,557,onchain-orderbook
2020-10-13,4.95,1915.06,386.8815914663434,7238,564,onchain-orderbook
2020-10-14,4.95,1886.34,381.07888131280794,7238,564,onchain-orderbook
2020-10-15,4.75,1802.94,379.566363215087,7540,555,onchain-orderbook
2020-10-16,4.5,1697.21,377.15868107868175,7540,562,onchain-orderbook
2020-10-17,4.4,1608.9,365.659372575543,9364,588,onchain-orderbook
2020-10-18,4.4,1622.05,368.64679529353197,9364,580,onchain-orderbook
2020-10-19,4.7,1776.47,377.97329389403757,7317,569,onchain-orderbook
2020-10-20,4.69,1776.94,378.87810817776216,7132,570,onchain-orderbook
2020-10-21,4,1473.25,368.3114919844194,5252,570,onchain-orderbook
2020-10-22,3.99,1560.76,391.16674217757225,7132,566,onchain-orderbook
2020-10-23,3.8,1571.52,413.55852412303034,4918,575,onchain-orderbook
2020-10-24,3.69,1510.13,409.24821734191613,3166,572,onchain-orderbook
2020-10-25,3.95,1622.12,410.6637631418196,2860,572,onchain-orderbook
2020-10-26,3.85,1559.26,405.0029275921872,2860,574,onchain-orderbook
2020-10-27,3.75,1475.66,393.5103576843557,7160,573,onchain-orderbook
2020-10-28,3.75,1513.24,403.529837833562,7160,573,onchain-orderbook
2020-10-29,3.75,1460.5,389.46696115412504,7160,571,onchain-orderbook
2020-10-30,3.75,1450.74,386.8642017646467,7160,570,onchain-orderbook
2020-10-31,3.75,1432.78,382.07483474544705,7160,571,onchain-orderbook
2020-11-01,3.69,1423.77,385.8445887975079,4262,574,onchain-orderbook
2020-11-02,3.5,1382.28,394.9363420491719,6412,571,onchain-orderbook
2020-11-03,3.65,1393,381.64399434348036,2860,571,onchain-orderbook
2020-11-04,3.45,1340.06,388.42376531637166,2860,571,onchain-orderbook
2020-11-05,3.45,1385.98,401.7330968324722,2860,585,onchain-orderbook
2020-11-06,3.69,1534.77,415.9277704309719,4262,586,onchain-orderbook
2020-11-07,3.67,1685.15,459.16956377991585,7744,585,onchain-orderbook
2020-11-08,3.67,1593.11,434.0904461320041,7744,584,onchain-orderbook
2020-11-09,3.67,1664.27,453.47970619175976,7744,585,onchain-orderbook
2020-11-10,3.2,1417.33,442.91571041203656,7744,589,onchain-orderbook
2020-11-11,3,1349.15,449.71758933610727,3922,588,onchain-orderbook
2020-11-12,3,1364.15,454.7162713473462,3922,587,onchain-orderbook
2020-11-13,3,1389.85,463.28218095644445,3922,621,onchain-orderbook
2020-11-14,2.95,1400.25,474.66173309042426,3922,608,onchain-orderbook
2020-11-15,2.95,1326.28,449.5868927799823,3922,601,onchain-orderbook
2020-11-16,2.75,1276.32,464.11482614382186,3922,610,onchain-orderbook
2020-11-17,2.5,1160.29,464.11482614382186,3922,611,onchain-orderbook
2020-11-18,3.25,1554.43,478.28650506470666,8655,607,onchain-orderbook
2020-11-19,3.25,1531.78,471.31795839441156,8655,606,onchain-orderbook
2020-11-20,3.25,1654.49,509.0726403354012,8655,602,onchain-orderbook
2020-11-21,3.25,1789.12,550.4989791914996,8655,613,onchain-orderbook
2020-11-22,3.25,1789.12,550.4989791914996,8655,617,onchain-orderbook
2020-11-23,3.25,1829.52,562.9283454119195,8655,624,onchain-orderbook
2020-11-24,3.15,1916.06,608.2733109189421,8490,622,onchain-orderbook
2020-11-25,3.15,1895.99,601.9014844870073,8490,621,onchain-orderbook
2020-11-26,3.15,1790.07,568.2751530404493,8490,634,onchain-orderbook
2020-11-27,3.15,1629.24,517.2194500793184,8490,648,onchain-orderbook
2020-11-28,3.15,1624.85,515.8261396829135,8490,650,onchain-orderbook
2020-11-29,3.15,1690.72,536.7377892408421,8490,652,onchain-orderbook
2020-11-30,3.15,1815.1,576.2218028312687,8490,658,onchain-orderbook
2020-12-01,3.15,1851.21,587.686342196825,8490,665,onchain-orderbook
2020-12-02,3.15,1886.1,598.760610095824,8490,663,onchain-orderbook
2020-12-03,3.15,1886.1,598.760610095824,8490,652,onchain-orderbook
2020-12-04,3.15,1936.86,614.8748033116684,8490,641,onchain-orderbook
2020-12-05,3.25,1833.25,564.0763137005305,8655,640,onchain-orderbook
2020-12-06,3.1,1847.35,595.9194139680376,4915,641,onchain-orderbook
2020-12-07,3.1,1865.25,601.6939764413299,4915,641,onchain-orderbook
2020-12-08,3.1,1830.42,590.4577762919561,4915,649,onchain-orderbook
2020-12-09,3,1663.69,554.5619523469829,3404,648,onchain-orderbook
2020-12-10,3,1720.26,573.4202042988286,3404,646,onchain-orderbook
2020-12-11,2.8,1566.33,559.4030952456889,1781,648,onchain-orderbook
2020-12-12,2.8,1536.26,548.6646756183211,1473,646,onchain-orderbook
2020-12-13,3.1,1762.25,568.4688340117078,5733,660,onchain-orderbook
2020-12-14,3.1,1817.7,586.3563945741018,5733,638,onchain-orderbook
2020-12-15,3.1,1819.04,586.7883871093094,4915,638,onchain-orderbook
2020-12-16,2.9,1707.53,588.8050106063203,7238,641,onchain-orderbook
2020-12-17,2.9,1858.18,640.7507395708677,7238,644,onchain-orderbook
2020-12-18,3.2,2044.93,639.0395322147778,7268,641,onchain-orderbook
2020-12-19,3.2,2093.98,654.36833441209,7268,644,onchain-orderbook
2020-12-20,3.2,2109.82,659.3188076372094,7268,647,onchain-orderbook
2020-12-21,3.1,1978.94,638.3662073925346,3759,650,onchain-orderbook
2020-12-22,4,2447.2,611.7989108035856,3080,624,onchain-orderbook
2020-12-23,4,2546.79,636.698283975233,4866,610,onchain-orderbook
2020-12-24,4.15,2432.79,586.2138116789841,8788,603,onchain-orderbook
2020-12-25,4.4,2684.8,610.182074016895,1524,588,onchain-orderbook
2020-12-26,5.125,3210.59,626.4567387784558,3549,590,onchain-orderbook
2020-12-27,5.35,3405.41,636.5247441856997,9225,575,onchain-orderbook
2020-12-28,5.26,3615.59,687.3746793480185,1467,582,onchain-orderbook
2020-12-29,5.29,3871,731.7588711900119,8396,581,onchain-orderbook
2020-12-30,5.46,4018.44,735.9784407968718,4157,581,onchain-orderbook
2020-12-31,5.46,4113.49,753.386295800274,4157,588,onchain-orderbook
2021-01-01,5.45,3987.96,731.7350999046926,4861,583,onchain-orderbook
2021-01-02,5.35,3906.29,730.1473402196374,9140,582,onchain-orderbook
2021-01-03,5.04,3897.86,773.3848335090518,9720,597,onchain-orderbook
2021-01-04,4.98,4815.66,967.0005967288458,5198,611,onchain-orderbook
2021-01-05,4.59,4791.69,1043.940295703174,9140,626,onchain-orderbook
2021-01-06,4.99,5505.76,1103.3582516225742,7755,629,onchain-orderbook
2021-01-07,4.69,5668.22,1208.5750928728885,4998,670,onchain-orderbook
2021-01-08,4.6,5641.56,1226.4265980778073,5909,667,onchain-orderbook
2021-01-09,4.39,5372.17,1223.7296883535275,1833,671,onchain-orderbook
2021-01-10,4.5,5809.25,1290.9441780631637,5558,666,onchain-orderbook
2021-01-11,4.9,6090.31,1242.920895431374,7718,663,onchain-orderbook
2021-01-12,4.9,5355.28,1092.9143378806064,8655,676,onchain-orderbook
2021-01-13,4.95,5029.73,1016.1068502164529,4157,682,onchain-orderbook
2021-01-14,4.6,5207.27,1132.0155910164729,4426,711,onchain-orderbook
2021-01-15,4.79,5943.38,1240.7892202005373,4327,707,onchain-orderbook
2021-01-16,4.58,5469.16,1194.139982624024,5991,704,onchain-orderbook
2021-01-17,4,4903.6,1225.900959989895,9117,710,onchain-orderbook
2021-01-18,4.4,5409.27,1229.379698072007,9117,699,onchain-orderbook
2021-01-19,4.17,5236.46,1255.7452740709393,6585,714,onchain-orderbook
2021-01-20,3.98,5506.27,1383.4840902277115,1335,718,onchain-orderbook
2021-01-21,3.98,5466.93,1373.5994564584646,1458,708,onchain-orderbook
2021-01-22,3.98,4469.19,1122.912432537305,1458,706,onchain-orderbook
2021-01-23,4.32,5221.82,1208.755037272437,6134,646,onchain-orderbook
2021-01-24,4.32,5282.36,1222.7678986848568,6134,628,onchain-orderbook
2021-01-25,4.31,6001.85,1392.5397634449737,7003,631,onchain-orderbook
2021-01-26,4.31,5786.88,1342.664253763359,7003,616,onchain-orderbook
2021-01-27,4.98,6756.48,1356.7222434967919,2043,594,onchain-orderbook
2021-01-28,4.85,6048.37,1247.0861253014698,4475,597,onchain-orderbook
2021-01-29,4.89,6544.47,1338.3364864561554,6276,606,onchain-orderbook
2021-01-30,4.99,6887.62,1380.2842591352105,7755,612,onchain-orderbook
2021-01-31,4.99,6848.41,1372.427228964234,7755,617,onchain-orderbook
2021-02-01,5.1,6682.35,1310.2642972982846,4174,616,onchain-orderbook
2021-02-02,5.33,7281.73,1366.1785741235242,1378,645,onchain-orderbook
2021-02-03,5.49,8300.33,1511.8995341776133,7755,694,onchain-orderbook
2021-02-04,5.3,8849.37,1669.6920090457684,8215,720,onchain-orderbook
2021-02-05,5.12,8171.93,1596.080535942962,3426,724,onchain-orderbook
2021-02-06,5.29,9142.11,1728.1871199441287,3693,749,onchain-orderbook
2021-02-07,5.2,8724.59,1677.805714320241,1436,762,onchain-orderbook
2021-02-08,5.9,9490.98,1608.6405479857196,5614,758,onchain-orderbook
2021-02-09,5.9,10444.23,1770.2081633747737,5614,784,onchain-orderbook
2021-02-10,5.9,10437.42,1769.053533934599,5614,788,onchain-orderbook
2021-02-11,6.12,10643.68,1739.164209004836,3972,810,onchain-orderbook
2021-02-12,6.05,10795.23,1784.3355424268182,6507,815,onchain-orderbook
2021-02-13,7.2,13256.62,1841.1977507032907,9567,759,onchain-orderbook
2021-02-14,8.25,14956.11,1812.861768400041,5090,743,onchain-orderbook
2021-02-15,8.1,14580.81,1800.1002193692593,3576,787,onchain-orderbook
2021-02-16,8.4,14932.74,1777.7070033664577,9690,775,onchain-orderbook
2021-02-17,12.88,22962.95,1782.837345629066,8727,674,onchain-orderbook
2021-02-18,13.53,24970.62,1845.5739221567521,1397,746,onchain-orderbook
2021-02-19,12.65,24578.74,1942.9835183600258,2458,840,onchain-orderbook
2021-02-20,13.54,26658.34,1968.858479386311,6755,798,onchain-orderbook
2021-02-21,20,38587.35,1929.367692879665,3530,641,onchain-orderbook
2021-02-22,23.5,45623.53,1941.4267676797988,8379,630,onchain-orderbook
2021-02-23,23.4,41878.3,1789.6709181575138,3599,693,onchain-orderbook
2021-02-24,22,34406.34,1563.9246059011416,7130,719,onchain-orderbook
2021-02-25,21.5,35010.42,1628.391533792655,4555,773,onchain-orderbook
2021-02-26,21,30846.06,1468.8601037286776,2036,803,onchain-orderbook
2021-02-27,22,31923.98,1451.0897866749494,5228,785,onchain-orderbook
2021-02-28,21.96,32503.65,1480.1295768477528,8892,831,onchain-orderbook
2021-03-01,22.5,31833.45,1414.8198563224723,8607,855,onchain-orderbook
2021-03-02,22.4,35166.05,1569.9128575216018,7317,911,onchain-orderbook
2021-03-03,21.99,32920.99,1497.0891042633873,4252,923,onchain-orderbook
2021-03-04,22.29,34995.32,1570.0007898884194,8208,918,onchain-orderbook
2021-03-05,17.75,27450.37,1546.4996211167372,1648,1004,onchain-orderbook
2021-03-06,17.5,26933.35,1539.0484290947375,2771,954,onchain-orderbook
2021-03-07,19.5,32362.07,1659.5932851644286,2308,981,onchain-orderbook
2021-03-08,19.5,33685.53,1727.463096224567,2405,1010,onchain-orderbook
2021-03-09,16.5,30313.02,1837.152613629732,4252,1023,onchain-orderbook
2021-03-10,16.99,31759.94,1869.3311016255,8444,1054,onchain-orderbook
2021-03-11,21,37848.53,1802.3110916881178,7696,1011,onchain-orderbook
2021-03-12,21.98,40254.72,1831.4250761380626,4994,1030,onchain-orderbook
2021-03-13,21.97,38862.43,1768.8863242051966,441,1055,onchain-orderbook
2021-03-14,21,40482.14,1927.7207203999014,291,1134,onchain-orderbook
2021-03-15,20,37134.15,1856.7073914468244,6379,1107,onchain-orderbook
2021-03-16,21.95,39313.5,1791.047851830107,435,1184,onchain-orderbook
2021-03-17,22.39,40493.46,1808.5512173614395,8798,1213,onchain-orderbook
2021-03-18,21.65,38730.27,1788.926967754657,1473,1246,onchain-orderbook
2021-03-19,20.99,38283.51,1823.892672267148,709,1272,onchain-orderbook
2021-03-20,21,38301.75,1823.892672267148,3634,1333,onchain-orderbook
2021-03-21,20.99,38268.91,1823.1972946529008,2999,1326,onchain-orderbook
2021-03-22,20.5,36702.75,1790.3780747526928,4854,1348,onchain-orderbook
2021-03-23,20.25,34026.21,1680.3067759738428,5337,1363,onchain-orderbook
2021-03-24,20.2,33811.96,1673.8591835627929,8586,1351,onchain-orderbook
2021-03-25,19.7,31221.5,1584.8475432213427,8586,1360,onchain-orderbook
2021-03-26,19.25,30529.35,1585.9402460547426,4174,1364,onchain-orderbook
2021-03-27,18,31030.69,1723.9272799696316,3920,1372,onchain-orderbook
2021-03-28,16.99,29118.11,1713.8378756834459,6659,1395,onchain-orderbook
2021-03-29,17.75,29945.74,1687.0837087436876,8611,1399,onchain-orderbook
2021-03-30,17.48,31779.27,1818.0358853519901,3498,1415,onchain-orderbook
2021-03-31,15.9,29260.69,1840.294951985396,8177,1428,onchain-orderbook
2021-04-01,15.49,29834.57,1926.0538674703232,5935,1405,onchain-orderbook
2021-04-02,15,29449.44,1963.295834148663,8727,1395,onchain-orderbook
2021-04-03,14,29961.7,2140.1212829625833,2738,1393,onchain-orderbook
2021-04-04,14,28105.11,2007.5076445642096,2738,1405,onchain-orderbook
2021-04-05,15.5,32220.54,2078.744252422659,6584,1379,onchain-orderbook
2021-04-06,15,31538.9,2102.593058773681,6614,1369,onchain-orderbook
2021-04-07,15.25,32226.83,2113.235054197165,6614,1374,onchain-orderbook
2021-04-08,19.69,38914.28,1976.3475793043633,2328,1178,onchain-orderbook
2021-04-09,19,39549.91,2081.574469774459,4252,1232,onchain-orderbook
2021-04-10,19.69,40751.76,2069.6677960855295,5544,1253,onchain-orderbook
2021-04-11,19.75,42280,2140.7594587112762,6591,1277,onchain-orderbook
2021-04-12,20.49,44058.93,2150.2651427927744,2652,1293,onchain-orderbook
2021-04-13,20.25,43353.91,2140.933734342732,4117,1304,onchain-orderbook
2021-04-14,20.25,46761.43,2309.20653984663,4117,1347,onchain-orderbook
2021-04-15,19.49,47354.1,2429.6615277515734,4555,1380,onchain-orderbook
2021-04-16,19.25,48438.62,2516.2919310321254,2648,1403,onchain-orderbook
2021-04-17,19.9,48410.11,2432.6690843101374,2916,1422,onchain-orderbook
2021-04-18,19.75,46015.68,2329.9076987335543,4006,1419,onchain-orderbook
2021-04-19,20,44409.87,2220.4935932307876,9691,1420,onchain-orderbook
2021-04-20,19.47,42211.6,2168.032726735651,4951,1419,onchain-orderbook
2021-04-21,19.93,46587.36,2337.549292396464,6354,1441,onchain-orderbook
2021-04-22,19.4,46045.93,2373.501344298211,9490,1436,onchain-orderbook
2021-04-23,19.69,47585.08,2416.713234165697,2241,1431,onchain-orderbook
2021-04-24,19.99,47407.41,2371.556038804917,1778,1417,onchain-orderbook
2021-04-25,20.47,45296.91,2212.8437976342047,5374,1416,onchain-orderbook
2021-04-26,21.47,49538.92,2307.35532084471,8494,1415,onchain-orderbook
2021-04-27,21.98,55661.86,2532.3868028851084,3195,1419,onchain-orderbook
2021-04-28,21.49,57210.46,2662.1899759705298,8573,1407,onchain-orderbook
2021-04-29,20.47,56267.62,2748.7845851218613,3834,1438,onchain-orderbook
2021-04-30,20.6,56804.45,2757.497552304977,3168,1439,onchain-orderbook
2021-05-01,20.97,58227.48,2776.70371169874,3168,1457,onchain-orderbook
2021-05-02,21.49,63311.5,2946.0910412729286,5575,1468,onchain-orderbook
2021-05-03,20.42,60316.14,2953.777448939646,8542,1331,onchain-orderbook
2021-05-04,19.5,67043.79,3438.1430926954904,7251,1368,onchain-orderbook
2021-05-05,20,64913.26,3245.663148933579,2669,1423,onchain-orderbook
2021-05-06,19.75,69675.59,3527.87795953073,8213,1452,onchain-orderbook
2021-05-07,19.75,69027.75,3495.0758690360576,8213,1467,onchain-orderbook
2021-05-08,19.49,68088.99,3493.534500000208,7349,1493,onchain-orderbook
2021-05-09,19.15,74929.03,3912.7429165968124,7349,1515,onchain-orderbook
2021-05-10,18,70789.57,3932.754068170969,3359,1575,onchain-orderbook
2021-05-11,16,63673.74,3979.6086519212827,5872,1563,onchain-orderbook
2021-05-12,13.97,58433.58,4182.790285752286,8573,1571,onchain-orderbook
2021-05-13,14.5,56638.58,3906.108903329409,8573,1587,onchain-orderbook
2021-05-14,15.5,58130.29,3750.3415950592753,6457,1599,onchain-orderbook
2021-05-15,15.5,63375.34,4088.73170832043,6457,1599,onchain-orderbook
2021-05-16,15.5,56728.79,3659.9218442136184,6457,1606,onchain-orderbook
2021-05-17,14.69,52913.45,3602.0048969299023,3532,1611,onchain-orderbook
2021-05-18,14.2,46692.86,3288.2298872378637,8396,1619,onchain-orderbook
2021-05-19,14,47586.69,3399.0492796569383,1436,1616,onchain-orderbook
2021-05-20,15.25,38783.15,2543.1574774790242,6071,1615,onchain-orderbook
2021-05-21,14.99,42506.41,2835.6508449068483,5020,1612,onchain-orderbook
2021-05-22,15.2,37045.81,2437.2245603319548,7702,1614,onchain-orderbook
2021-05-23,14.9,34114.86,2289.5876800586902,3736,1624,onchain-orderbook
2021-05-24,15,31885.13,2125.6751428229663,6825,1604,onchain-orderbook
2021-05-25,14.8,39213.95,2649.5913413981393,6953,1616,onchain-orderbook
2021-05-26,15.5,41779.91,2695.4778071496326,6457,1600,onchain-orderbook
2021-05-27,15,43428.4,2895.226636000092,9620,1632,onchain-orderbook
2021-05-28,15.3,41967.76,2742.990862697615,6901,1628,onchain-orderbook
2021-05-29,15.3,37117.89,2426.005912190833,6901,1638,onchain-orderbook
2021-05-30,15,34057.02,2270.46831800288,5945,1640,onchain-orderbook
2021-05-31,15.2,36416.97,2395.8532280027384,7737,1672,onchain-orderbook
2021-06-01,14.75,40262.12,2729.635171117113,5450,1683,onchain-orderbook
2021-06-02,14.8,38894.32,2627.994563463811,6755,1683,onchain-orderbook
2021-06-03,14.7,39822.55,2709.0171669576707,7737,1684,onchain-orderbook
2021-06-04,13.97,40076.57,2868.759489064604,6755,1691,onchain-orderbook
2021-06-05,13.98,37669.08,2694.4976666790503,9174,1694,onchain-orderbook
2021-06-06,13.95,36666.69,2628.436491211793,6197,1693,onchain-orderbook
2021-06-07,13.69,37121.09,2711.5479390111605,6198,1694,onchain-orderbook
2021-06-08,13.75,36021.08,2619.7145456615704,7429,1707,onchain-orderbook
2021-06-09,13.99,34944.74,2497.837271459921,2669,1711,onchain-orderbook
2021-06-10,14.5,37908.12,2614.3528867217256,9720,1708,onchain-orderbook
2021-06-11,15,37031.69,2468.7793277146866,5878,1703,onchain-orderbook
2021-06-12,15,35336.6,2355.773633190951,494,1696,onchain-orderbook
2021-06-13,14.9,35461.88,2379.991747950219,3421,1694,onchain-orderbook
2021-06-14,14.88,37464.44,2517.771695525423,6193,1705,onchain-orderbook
2021-06-15,15.4,39862.33,2588.462843234097,2635,1700,onchain-orderbook
2021-06-16,15.38,39368.65,2559.7299169959797,5865,1698,onchain-orderbook
2021-06-17,15.3,36197.85,2365.872786190649,6643,1691,onchain-orderbook
2021-06-18,14.5,34497.54,2379.140824594758,2511,1682,onchain-orderbook
2021-06-19,14.5,32320.65,2229.0103947746957,2511,1685,onchain-orderbook
2021-06-20,14.93,32513.17,2177.7074859672994,6259,1683,onchain-orderbook
2021-06-21,13.99,31491.42,2250.9950135262525,3421,1689,onchain-orderbook
2021-06-22,13,24627.74,1894.4413974876659,4929,1684,onchain-orderbook
2021-06-23,14.23,26686.34,1875.3576944712033,3272,1679,onchain-orderbook
2021-06-24,14.7,28975.26,1971.1059779809414,483,1676,onchain-orderbook
2021-06-25,14.7,29271.18,1991.2365777916882,483,1650,onchain-orderbook
2021-06-26,14.55,26614.72,1829.1904729505002,9243,1657,onchain-orderbook
2021-06-27,14.55,26438.04,1817.047665540675,9243,1657,onchain-orderbook
2021-06-28,16,31582.83,1973.9268648383472,1436,1668,onchain-orderbook
2021-06-29,17.4,36322.83,2087.5187237874175,3143,1641,onchain-orderbook
2021-06-30,17.39,37725.87,2169.400067865984,6257,1643,onchain-orderbook
2021-07-01,16.85,38407.12,2279.354161419647,7608,1659,onchain-orderbook
2021-07-02,17.29,36683.47,2121.657900633364,7556,1669,onchain-orderbook
2021-07-03,17.69,38172.91,2157.880584866453,2629,1674,onchain-orderbook
2021-07-04,17.85,39862.54,2233.1954857101227,2511,1660,onchain-orderbook
2021-07-05,17.85,41572.73,2329.004750998825,2511,1655,onchain-orderbook
2021-07-06,18,39804.09,2211.3380564579234,3218,1649,onchain-orderbook
2021-07-07,18,41823.28,2323.515733664193,4879,1662,onchain-orderbook
2021-07-08,18,41722.09,2317.89403242497,4879,1669,onchain-orderbook
2021-07-09,18.47,39275.39,2126.4424673902267,1369,1653,onchain-orderbook
2021-07-10,18.88,40716.25,2156.5809569525845,8089,1649,onchain-orderbook
2021-07-11,18.89,40064.85,2120.9557716235054,2405,1643,onchain-orderbook
2021-07-12,19,40732.96,2143.8399407652037,5751,1630,onchain-orderbook
2021-07-13,19,38806.03,2042.4226045422122,5751,1611,onchain-orderbook
2021-07-14,19.59,38088.77,1944.2964780291356,4866,1619,onchain-orderbook
2021-07-15,19.7,39353.97,1997.6633136705987,6561,1616,onchain-orderbook
2021-07-16,19.9,37990.23,1909.0570208024876,7628,1594,onchain-orderbook
2021-07-17,19.49,36528.16,1874.2002496808186,7281,1557,onchain-orderbook
2021-07-18,19.75,37592.17,1903.4010648627627,3420,1550,onchain-orderbook
2021-07-19,19.75,37638.04,1905.723382843169,3420,1540,onchain-orderbook
2021-07-20,19.75,36042.36,1824.929392091902,3420,1537,onchain-orderbook
2021-07-21,20.4,36575.13,1792.89830303411,1413,1531,onchain-orderbook
2021-07-22,20.3,40664.77,2003.19062397709,6506,1529,onchain-orderbook
2021-07-23,20.5,41537.29,2026.2094103551476,9747,1522,onchain-orderbook
2021-07-24,20.99,44497.01,2119.9147285827603,402,1522,onchain-orderbook
2021-07-25,20.99,46029.81,2192.940117981909,2907,1541,onchain-orderbook
2021-07-26,21.99,48569.51,2208.7087693016374,8559,1503,onchain-orderbook
2021-07-27,22,49164.28,2234.739823739943,3512,1504,onchain-orderbook
2021-07-28,21.9,50207.49,2292.579636803809,9386,1495,onchain-orderbook
2021-07-29,22.74,52294.94,2299.689405936291,5962,1493,onchain-orderbook
2021-07-30,25.92,61607.06,2376.815485683859,7681,1329,onchain-orderbook
2021-07-31,29.99,73847.38,2462.3999826480103,6936,1128,onchain-orderbook
2021-08-01,32.75,83170.77,2539.565629807674,2542,1205,onchain-orderbook
2021-08-02,33.25,85123.82,2560.1148671387946,4841,1302,onchain-orderbook
2021-08-03,33,86185.21,2611.6730699481845,8144,1314,onchain-orderbook
2021-08-04,34.49,86446.1,2506.4106628106674,1713,1296,onchain-orderbook
2021-08-05,44.44,121078.21,2724.5322427136302,8438,1234,onchain-orderbook
2021-08-06,49,138260.83,2821.649692746136,5575,1289,onchain-orderbook
2021-08-07,51.84,149814.48,2889.939899323439,5333,1340,onchain-orderbook
2021-08-08,45.5,143380.4,3151.2175169176753,1696,1377,onchain-orderbook
2021-08-09,44.8,134527.42,3002.8441554025994,8438,1374,onchain-orderbook
2021-08-10,48.35,152934.18,3163.0646551948857,2648,1400,onchain-orderbook
2021-08-11,46.68,146942.01,3147.8579763023176,5254,1413,onchain-orderbook
2021-08-12,46,145782.51,3169.1849771659126,5254,1431,onchain-orderbook
2021-08-13,43.75,133368.05,3048.4126816864195,5254,1436,onchain-orderbook
2021-08-14,42.5,141235.91,3323.19799054098,5254,1443,onchain-orderbook
2021-08-15,41.99,137190.05,3267.207601384054,5254,1435,onchain-orderbook
2021-08-16,41.5,137354.83,3309.7549104132368,5254,1457,onchain-orderbook
2021-08-17,42,132548.31,3155.912045169894,5207,1477,onchain-orderbook
2021-08-18,44,132314.34,3007.1440271712713,9088,1451,onchain-orderbook
2021-08-19,48.73,148362.32,3044.578614243694,9174,1417,onchain-orderbook
2021-08-20,51.99,163499.11,3144.8184367851927,8751,1398,onchain-orderbook
2021-08-21,52,170402.43,3276.9698366433354,5123,1372,onchain-orderbook
2021-08-22,53,170872.02,3224.0004601521537,5210,1391,onchain-orderbook
2021-08-23,67.68,219519.16,3243.4863583537394,2635,1152,onchain-orderbook
2021-08-24,75.5,250078.9,3312.303289886624,3794,1183,onchain-orderbook
2021-08-25,78.75,250241.02,3177.6637963046905,6335,1199,onchain-orderbook
2021-08-26,76.47,247037.38,3230.5136584426946,8970,1244,onchain-orderbook
2021-08-27,92,287313.41,3122.971797237849,7963,1164,onchain-orderbook
2021-08-28,137.6969,449930.05,3267.539434750998,3920,1124,onchain-orderbook
2021-08-29,127.5,413792.35,3245.430222387629,3576,1214,onchain-orderbook
2021-08-30,118.49,382982.27,3232.1906509771775,5023,1266,onchain-orderbook
2021-08-31,114.99,371732.07,3232.7338632854617,618,1274,onchain-orderbook
2021-09-01,94.99,326819.02,3440.5623358869034,3517,1304,onchain-orderbook
2021-09-02,94.99,362398.5,3815.1226369336923,618,1306,onchain-orderbook
2021-09-03,97.2,368628.82,3792.4775262056814,1417,1319,onchain-orderbook
2021-09-04,99,389680.18,3936.1633916244464,5972,1330,onchain-orderbook
2021-09-05,98.5,383180.61,3890.158467365413,1417,1346,onchain-orderbook
2021-09-06,95.99,378908.54,3947.3751264869748,494,1366,onchain-orderbook
2021-09-07,88.88,350476.66,3943.256785301908,1417,1374,onchain-orderbook
2021-09-08,86.5,297589.56,3440.3417568365676,1417,1379,onchain-orderbook
2021-09-09,87.99,307688.63,3496.859022996073,1417,1389,onchain-orderbook
2021-09-10,82,281750.35,3435.97993265133,8091,1415,onchain-orderbook
2021-09-11,82.99,267219.08,3219.89488771497,1417,1409,onchain-orderbook
2021-09-12,81.99,268470.14,3274.42545839787,1417,1398,onchain-orderbook
2021-09-13,78,266591.47,3417.839366766938,8586,1406,onchain-orderbook
2021-09-14,76.99,253390.71,3291.2158814372824,8586,1402,onchain-orderbook
2021-09-15,83.5,286008.45,3425.2508733748823,1417,1387,onchain-orderbook
2021-09-16,102,366788.18,3595.9625714292315,3533,1323,onchain-orderbook
2021-09-17,99.99,357288.94,3573.246696559556,5279,1327,onchain-orderbook
2021-09-18,99,337929.22,3413.426501613183,4573,1359,onchain-orderbook
2021-09-19,97.99,336789.99,3436.983264291013,4643,1356,onchain-orderbook
2021-09-20,98.5,328690.13,3336.955610275159,1405,1359,onchain-orderbook
2021-09-21,97,289043.18,2979.8265772969357,9656,1356,onchain-orderbook
2021-09-22,96,266052.43,2771.3795085473475,8396,1366,onchain-orderbook
2021-09-23,101.99,314207.79,3080.770613431408,8396,1341,onchain-orderbook
2021-09-24,102,322267,3159.480366189226,3533,1326,onchain-orderbook
2021-09-25,108,316520.21,2930.7427060738946,5123,1317,onchain-orderbook
2021-09-26,106,311873.13,2942.199299667037,4843,1317,onchain-orderbook
2021-09-27,102.5,313989.93,3063.31634471348,8586,1324,onchain-orderbook
2021-09-28,107.5,313780.42,2918.8875824364586,423,1323,onchain-orderbook
2021-09-29,107.5,301114.11,2801.06146263523,423,1315,onchain-orderbook
2021-09-30,117.69,336248.89,2857.0727297920675,8586,1270,onchain-orderbook
2021-10-01,124.5,374708.41,3009.706123751746,2996,1229,onchain-orderbook
2021-10-02,123.45,408650.14,3310.248162609438,2888,1241,onchain-orderbook
2021-10-03,121.87,414493.6,3401.112645713349,8922,1247,onchain-orderbook
2021-10-04,119.25,408596.66,3426.387080851377,4161,1261,onchain-orderbook
2021-10-05,118.9,403107.91,3390.310407759615,5532,1269,onchain-orderbook
2021-10-06,116.5,410498.66,3523.5936474239847,6593,1277,onchain-orderbook
2021-10-07,114.69,411665.76,3589.3779961957925,5439,1289,onchain-orderbook
2021-10-08,112,402630.86,3594.918357967647,7764,1287,onchain-orderbook
2021-10-09,110.95,396112.25,3570.187063019674,9123,1284,onchain-orderbook
2021-10-10,110,393522.7,3577.479088814853,9690,1294,onchain-orderbook
2021-10-11,103.6969,355786.07,3431.0193069150096,7392,1306,onchain-orderbook
2021-10-12,102,360859.69,3537.840087124068,1091,1295,onchain-orderbook
2021-10-13,104.69,366094.58,3496.9393789692463,8814,1297,onchain-orderbook
2021-10-14,108,389410.24,3605.6503342981764,5611,1302,onchain-orderbook
2021-10-15,105,398424.27,3794.516888224821,9217,1312,onchain-orderbook
2021-10-16,103.95,403912.46,3885.641764529699,1316,1314,onchain-orderbook
2021-10-17,105,404277.45,3850.2613955310426,6956,1315,onchain-orderbook
2021-10-18,103,396803.5,3852.461174731202,7392,1325,onchain-orderbook
2021-10-19,99,371457.59,3752.0968780075814,9903,1337,onchain-orderbook
2021-10-20,96,373874.2,3894.5229485058794,3985,1348,onchain-orderbook
2021-10-21,93.95,391781.64,4170.107932886265,2023,1360,onchain-orderbook
2021-10-22,91.95,372881.55,4055.2642447637113,2023,1358,onchain-orderbook
2021-10-23,94.95,377182.6,3972.433904519876,2023,1361,onchain-orderbook
2021-10-24,94.95,397534.28,4186.774957094139,2023,1359,onchain-orderbook
2021-10-25,98.95,405496.52,4097.994135659799,9903,1357,onchain-orderbook
2021-10-26,94.95,401658.28,4230.208371594039,9903,1359,onchain-orderbook
2021-10-27,95.95,398439.12,4152.570288731245,5183,1358,onchain-orderbook
2021-10-28,94.99,374649.19,3944.090861781322,5967,1358,onchain-orderbook
2021-10-29,96.9,415516.62,4288.09721878663,5967,1343,onchain-orderbook
2021-10-30,100.9,446061.37,4420.826291402597,5967,1339,onchain-orderbook
2021-10-31,96.5,417452.66,4325.934277110855,5967,1343,onchain-orderbook
2021-11-01,96.5,414181.91,4292.04047236198,5967,1343,onchain-orderbook
2021-11-02,94.9,410969.49,4330.553151595248,5967,1360,onchain-orderbook
2021-11-03,95,436676.34,4596.59309058429,8814,1385,onchain-orderbook
2021-11-04,91.95,423389.2,4604.559025470852,5771,1393,onchain-orderbook
2021-11-05,91.95,418310.51,4549.325863768297,5771,1401,onchain-orderbook
2021-11-06,89.95,404385.35,4495.668186253852,9123,1406,onchain-orderbook
2021-11-07,87,394096.95,4529.850004368157,2224,1427,onchain-orderbook
2021-11-08,77.77,359812.96,4626.6292884486975,9815,1439,onchain-orderbook
2021-11-09,84,404500.57,4815.482940074267,5385,1445,onchain-orderbook
2021-11-10,83,393592.72,4742.08091060724,1482,1450,onchain-orderbook
2021-11-11,78.88,366123.79,4641.528764849704,2905,1412,onchain-orderbook
2021-11-12,80,378633.96,4732.9244503493555,1859,1423,onchain-orderbook
2021-11-13,80,374808.51,4685.10635551733,1859,1423,onchain-orderbook
2021-11-14,87,405985.37,4666.498498194288,7493,1415,onchain-orderbook
2021-11-15,86,400153.48,4652.947394238871,3533,1412,onchain-orderbook
2021-11-16,87.99,403276.77,4583.211418759011,8054,1410,onchain-orderbook
2021-11-17,90,381901.76,4243.352906802173,8110,1400,onchain-orderbook
2021-11-18,88.95,382734.5,4302.804958962834,7456,1398,onchain-orderbook
2021-11-19,90,359895.49,3998.838748396413,2181,1394,onchain-orderbook
2021-11-20,89,384266.68,4317.603195646166,6626,1401,onchain-orderbook
2021-11-21,89.5,397039.25,4436.192766930451,7897,1404,onchain-orderbook
2021-11-22,86,371465.09,4319.361566856902,1855,1410,onchain-orderbook
2021-11-23,84.5,346539.81,4101.062876490145,1855,1417,onchain-orderbook
2021-11-24,84.95,369545.99,4350.158829266359,8604,1420,onchain-orderbook
2021-11-25,85.95,366958.13,4269.437219728043,4248,1426,onchain-orderbook
2021-11-26,84.95,383620.89,4515.843300142739,8604,1425,onchain-orderbook
2021-11-27,82.95,335807.55,4048.3128440761725,7492,1428,onchain-orderbook
2021-11-28,83.95,342859.23,4084.0884856959556,4248,1428,onchain-orderbook
2021-11-29,81.75,350715.01,4290.091862536401,3628,1436,onchain-orderbook
2021-11-30,81.7,363117.96,4444.528279821561,8645,1438,onchain-orderbook
2021-12-01,78.95,366100.75,4637.121616831405,8645,1443,onchain-orderbook
2021-12-02,74,339392.03,4586.378808694757,8814,1446,onchain-orderbook
2021-12-03,66,298283.11,4519.441028028784,8814,1448,onchain-orderbook
2021-12-04,72.99,309488.95,4240.155516808957,3453,1436,onchain-orderbook
2021-12-05,68.75,281988.9,4101.656791810778,6956,1443,onchain-orderbook
2021-12-06,68.69,288399.97,4198.572874562462,6956,1452,onchain-orderbook
2021-12-07,72.95,317158.56,4347.615630598069,9913,1459,onchain-orderbook
2021-12-08,72.95,314685.4,4313.713519851889,1362,1454,onchain-orderbook
2021-12-09,71.69,317759.31,4432.4077755524595,4069,1462,onchain-orderbook
2021-12-10,67.95,282219,4153.333310724186,1480,1478,onchain-orderbook
2021-12-11,69.69,273059.41,3918.200743402953,9656,1482,onchain-orderbook
2021-12-12,68,277427.42,4079.814930569866,5243,1479,onchain-orderbook
2021-12-13,63,260558.02,4135.841510137412,9042,1467,onchain-orderbook
2021-12-14,63.99,242067.47,3782.8952622347147,7693,1471,onchain-orderbook
2021-12-15,62,239646.53,3865.2666087105254,9103,1474,onchain-orderbook
2021-12-16,61.42069,247203.72,4024.762924910091,5831,1479,onchain-orderbook
2021-12-17,61,242265.15,3971.5597663421136,5790,1479,onchain-orderbook
2021-12-18,60.98,237013.85,3886.7473617182886,7969,1482,onchain-orderbook
2021-12-19,60,237985.52,3966.4253516705508,7069,1480,onchain-orderbook
2021-12-20,59.95,235222.05,3923.637142545932,7069,1480,onchain-orderbook
2021-12-21,55,217276.53,3950.4823919860964,5254,1482,onchain-orderbook
2021-12-22,53.83,217287.47,4036.549717813428,4841,1474,onchain-orderbook
2021-12-23,55,226244.15,4113.529931874606,1254,1467,onchain-orderbook
2021-12-24,65,263582.63,4055.1173669313243,6846,1408,onchain-orderbook
2021-12-25,65.45,265407.43,4055.1173669313243,9620,1396,onchain-orderbook
2021-12-26,68.9,282245.54,4096.4519012536575,9335,1401,onchain-orderbook
2021-12-27,66.95,270816.19,4045.051350119327,1639,1398,onchain-orderbook
2021-12-28,65.95,251095.42,3807.3603674991996,1639,1392,onchain-orderbook
2021-12-29,65,236886.36,3644.405516878227,197,1404,onchain-orderbook
2021-12-30,65.89,244777.76,3714.945456115339,2503,1399,onchain-orderbook
2021-12-31,63.95,235393.48,3680.898858376224,3113,1400,onchain-orderbook
2022-01-01,66.7,245515.95,3680.898858376224,5198,1391,onchain-orderbook
2022-01-02,67.99,257125.08,3781.8073286335557,1194,1402,onchain-orderbook
2022-01-03,67.69,255151.02,3769.4049401148714,4186,1412,onchain-orderbook
2022-01-04,66.69,253082.42,3794.908130100449,197,1423,onchain-orderbook
2022-01-05,63.5,225863.55,3556.9062274078738,2524,1419,onchain-orderbook
2022-01-06,59.95,204838.72,3416.8260086159135,5210,1423,onchain-orderbook
2022-01-07,60.95,195149.38,3201.79457434796,4085,1425,onchain-orderbook
2022-01-08,62.95,194627.87,3091.7850367897754,1915,1423,onchain-orderbook
2022-01-09,60.95,192417.15,3156.967262159481,441,1430,onchain-orderbook
2022-01-10,60.95,188235.08,3088.3524515450154,441,1427,onchain-orderbook
2022-01-11,60.69,197024.85,3246.413723028553,1482,1424,onchain-orderbook
2022-01-12,59.95,202395.93,3376.07884656032,441,1428,onchain-orderbook
2022-01-13,59.95,202395.93,3376.07884656032,441,1425,onchain-orderbook
2022-01-14,59.95,198553.56,3311.986061274383,441,1423,onchain-orderbook
2022-01-15,62.5,208203.03,3331.2484563701323,548,1419,onchain-orderbook
2022-01-16,62,206537.4,3331.2484563701323,1915,1419,onchain-orderbook
2022-01-17,61.95,199267.94,3216.592980619574,6641,1415,onchain-orderbook
2022-01-18,60.49,191478.07,3165.4500380633476,1830,1413,onchain-orderbook
2022-01-19,61.95,196099.63,3165.4500380633476,6641,1408,onchain-orderbook
2022-01-20,63.95,198020.25,3096.4854684021943,7758,1394,onchain-orderbook
2022-01-21,64,192421.02,3006.5784160548824,9713,1389,onchain-orderbook
2022-01-22,67.5,172740.67,2559.1210294471675,5254,1397,onchain-orderbook
2022-01-23,68.86,166371.89,2416.0889637078503,3470,1387,onchain-orderbook
2022-01-24,66.48,162731.84,2447.831512095295,548,1378,onchain-orderbook
2022-01-25,77.95,191949.33,2462.467375006779,927,1313,onchain-orderbook
2022-01-26,79.5,196399.22,2470.4304120157067,898,1311,onchain-orderbook
2022-01-27,79.5,191743.18,2411.863855325421,898,1317,onchain-orderbook
2022-01-28,84.9,216589.33,2551.1110735194716,1029,1304,onchain-orderbook
2022-01-29,84.49,219978.49,2603.603872339056,1029,1304,onchain-orderbook
2022-01-30,81.69,213225.8,2610.1824055910874,9656,1311,onchain-orderbook
2022-01-31,83.95,226019.32,2692.308730609282,1803,1299,onchain-orderbook
2022-02-01,82.5,230788.38,2797.434855273681,1803,1326,onchain-orderbook
2022-02-02,73.95,198949.14,2690.319739476765,4391,1348,onchain-orderbook
2022-02-03,68.95,183907.35,2667.256728215686,5619,1351,onchain-orderbook
2022-02-04,66.95,200388.01,2993.0994395135976,1482,1358,onchain-orderbook
2022-02-05,69.99,211276.95,3018.6733981571506,9266,1358,onchain-orderbook
2022-02-06,69.95,214243.27,3062.8058084507857,2724,1368,onchain-orderbook
2022-02-07,69.95,220003.79,3145.1578930319747,2724,1341,onchain-orderbook
2022-02-08,67.45,210945.7,3127.438106740214,4299,1362,onchain-orderbook
2022-02-09,66.95,216979.66,3240.9210444877285,8381,1362,onchain-orderbook
2022-02-10,64.99,200293.43,3081.911501840844,5228,1336,onchain-orderbook
2022-02-11,66.91,196083.98,2930.5631692063735,8381,1339,onchain-orderbook
2022-02-12,68.45,199742.94,2918.0853674291184,5962,1325,onchain-orderbook
2022-02-13,72.69,210018.54,2889.235678281073,1430,1314,onchain-orderbook
2022-02-14,72.94,214125.98,2935.6454998606846,7897,1322,onchain-orderbook
2022-02-15,70.95,225571.35,3179.3002065350443,1430,1324,onchain-orderbook
2022-02-16,69.45,217284.1,3128.640780542462,1430,1327,onchain-orderbook
2022-02-17,67.95,195805.61,2881.613122162859,1430,1331,onchain-orderbook
2022-02-18,67.69,188721.49,2788.026121706113,3329,1333,onchain-orderbook
2022-02-19,67.2,186074.9,2768.9716520348597,4778,1338,onchain-orderbook
2022-02-20,66.9,176113.67,2632.49139911745,8470,1329,onchain-orderbook
2022-02-21,66.5,171205.14,2574.513383778016,4778,1340,onchain-orderbook
2022-02-22,66,174427.64,2642.843082139066,7957,1348,onchain-orderbook
2022-02-23,65.5,169952.91,2594.700959110155,4406,1379,onchain-orderbook
2022-02-24,63.45,164965.78,2599.9335696870216,1011,1382,onchain-orderbook
2022-02-25,62.95,174533.98,2772.5810313033057,1011,1382,onchain-orderbook
2022-02-26,62.69,174612.9,2785.3389569017427,1011,1383,onchain-orderbook
2022-02-27,68.5,180119.59,2629.48312082149,5207,1365,onchain-orderbook
2022-02-28,68,198512.06,2919.294962425658,6069,1369,onchain-orderbook
2022-03-01,68.5,203943.41,2977.276039756805,5207,1382,onchain-orderbook
2022-03-02,68.9,203483.46,2953.315776286441,9662,1375,onchain-orderbook
2022-03-03,68.9,195462.85,2836.9063366005576,9662,1379,onchain-orderbook
2022-03-04,68.9,180473.64,2619.356137634489,9662,1374,onchain-orderbook
2022-03-05,68.4,182573.49,2669.2030840014604,9662,1377,onchain-orderbook
2022-03-06,66.95,171282.19,2558.359874049847,5337,1377,onchain-orderbook
2022-03-07,65,162412.83,2498.658864965217,2354,1391,onchain-orderbook
2022-03-08,64.95,167351.93,2576.6271539947625,9817,1384,onchain-orderbook
2022-03-09,65.95,180111.94,2731.037685293996,9014,1374,onchain-orderbook
2022-03-10,66.5,173534.62,2609.543176119743,1893,1372,onchain-orderbook
2022-03-11,74,193106.2,2609.543176119743,5207,1289,onchain-orderbook
2022-03-12,70.4,180218.36,2559.9198819592025,8812,1294,onchain-orderbook
2022-03-13,69.69,179351.94,2573.5677775009563,3502,1318,onchain-orderbook
2022-03-14,69.5,180112.17,2591.5420409591425,423,1335,onchain-orderbook
2022-03-15,67,175564.38,2620.363852420936,4252,1335,onchain-orderbook
2022-03-16,62.25,172542.03,2771.759457292368,9662,1343,onchain-orderbook
2022-03-17,67,188765.87,2817.401074966818,9014,1335,onchain-orderbook
2022-03-18,72.89,214715.42,2945.7459101862714,8812,1323,onchain-orderbook
2022-03-19,69.95,206158.47,2947.226158224087,2522,1313,onchain-orderbook
2022-03-20,71.95,205823.19,2860.641960901919,531,1327,onchain-orderbook
2022-03-21,72.5,210002.55,2896.5869324317464,2257,1319,onchain-orderbook
2022-03-22,72.9,216497.33,2969.78498365825,6956,1319,onchain-orderbook
2022-03-23,71.95,217924.7,3028.8352577107285,1893,1325,onchain-orderbook
2022-03-24,72.89,226444.23,3106.657023584939,3828,1324,onchain-orderbook
2022-03-25,72.69,225780.38,3106.072054158695,3828,1339,onchain-orderbook
2022-03-26,70.95,222845.13,3140.8757105064406,6985,1347,onchain-orderbook
2022-03-27,71.95,236368.2,3285.1730967305425,531,1351,onchain-orderbook
2022-03-28,71,236354.32,3328.9341246867148,4911,1344,onchain-orderbook
2022-03-29,71,241484.09,3401.184431040135,4911,1348,onchain-orderbook
2022-03-30,69.69,235816.24,3383.7887617814154,3997,1366,onchain-orderbook
2022-03-31,68.89,226186.73,3283.3028425717257,7672,1377,onchain-orderbook
2022-04-01,67.5,232955.74,3451.1960908672754,9768,1385,onchain-orderbook
2022-04-02,68,233942.86,3440.3362384891684,3030,1384,onchain-orderbook
2022-04-03,68.5,241228.55,3521.5847247785246,4554,1386,onchain-orderbook
2022-04-04,68.4,240834.15,3520.9671175043636,1275,1385,onchain-orderbook
2022-04-05,67.8,231483.65,3414.213063672609,2821,1391,onchain-orderbook
2022-04-06,66.68,211467.03,3171.371104498954,6371,1393,onchain-orderbook
2022-04-07,66.66,215500.78,3232.834988999582,2821,1388,onchain-orderbook
2022-04-08,66.01,210705.58,3192.0250912893603,5834,1383,onchain-orderbook
2022-04-09,66.01,215584.57,3265.938067729151,5834,1385,onchain-orderbook
2022-04-10,65.4,210533.03,3219.159553453764,2996,1382,onchain-orderbook
2022-04-11,64.95,194006.86,2987.0187011106773,2996,1380,onchain-orderbook
2022-04-12,59.95,182140.65,3038.209421996366,1917,1393,onchain-orderbook
2022-04-13,62,193674.36,3123.779924392582,2119,1383,onchain-orderbook
2022-04-14,63.95,193347.53,3023.417211885316,5291,1373,onchain-orderbook
2022-04-15,63.95,194755.13,3045.42807480128,5291,1367,onchain-orderbook
2022-04-16,63.69,195224.85,3065.2355073039707,5291,1369,onchain-orderbook
2022-04-17,63.69,190797.37,2995.719421019825,5291,1375,onchain-orderbook
2022-04-18,61.99,189806.6,3061.8905711469047,7044,1376,onchain-orderbook
2022-04-19,62,192396.34,3103.166790932381,4069,1390,onchain-orderbook
2022-04-20,58.5,181535.26,3103.166790932381,1535,1384,onchain-orderbook
2022-04-21,56.95,170137.49,2987.4888760341605,4146,1387,onchain-orderbook
2022-04-22,59,175058.03,2967.085285238213,9370,1375,onchain-orderbook
2022-04-23,60,176441.28,2940.6879777714407,4563,1371,onchain-orderbook
2022-04-24,61.95,181073.77,2922.901865199808,5291,1366,onchain-orderbook
2022-04-25,61.99,186486.77,3008.3363470853,2462,1362,onchain-orderbook
2022-04-26,61.95,174141.62,2811.0027700110945,5291,1365,onchain-orderbook
2022-04-27,61.95,179010.24,2889.5922230230817,5291,1343,onchain-orderbook
2022-04-28,61.94,181821.72,2935.4491326735665,3836,1339,onchain-orderbook
2022-04-29,61.5,180530.12,2935.4491326735665,3935,1336,onchain-orderbook
2022-04-30,60.95,166891.71,2738.1741359527714,5152,1337,onchain-orderbook
2022-05-01,60.95,172641.67,2832.513106895354,5152,1344,onchain-orderbook
2022-05-02,60.95,174316.72,2859.9953442837964,5152,1340,onchain-orderbook
2022-05-03,61,174459.72,2859.9953442837964,3512,1342,onchain-orderbook
2022-05-04,61.49,180906.8,2942.052313122658,3935,1340,onchain-orderbook
2022-05-05,60.95,167852.43,2753.936566546688,3935,1341,onchain-orderbook
2022-05-06,58.95,159147.74,2699.7072470893745,3935,1340,onchain-orderbook
2022-05-07,55.97,147829.59,2641.229106940243,4781,1346,onchain-orderbook
2022-05-08,56.66,142957.42,2523.074858921165,1189,1352,onchain-orderbook
2022-05-09,52.95,119131.73,2249.8909622207443,3935,1347,onchain-orderbook
2022-05-10,52.95,124157.04,2344.797715643986,3935,1359,onchain-orderbook
2022-05-11,51.95,108090.35,2080.661224146413,3935,1361,onchain-orderbook
2022-05-12,49.95,98236.62,1966.6991711336661,3935,1358,onchain-orderbook
2022-05-13,48.85,98345.69,2013.2178190166546,488,1361,onchain-orderbook
2022-05-14,48.85,100837.6,2064.229357512243,488,1351,onchain-orderbook
2022-05-15,53.8,115511.15,2147.047447880575,3149,1341,onchain-orderbook
2022-05-16,53.9,109195.4,2025.8886983912162,9846,1345,onchain-orderbook
2022-05-17,51.51,107922.66,2095.178884796724,3627,1344,onchain-orderbook
2022-05-18,52,99589.21,1915.1771232664505,6776,1341,onchain-orderbook
2022-05-19,51.9,104387.43,2011.3184265729594,9846,1341,onchain-orderbook
2022-05-20,50.95,100065.34,1963.9909395294865,9846,1338,onchain-orderbook
2022-05-21,50.9,100687.69,1978.1471325624789,3627,1340,onchain-orderbook
2022-05-22,50.8,103969.63,2046.6463496545232,9846,1338,onchain-orderbook
2022-05-23,48.95,96655.75,1974.5811944790914,8454,1335,onchain-orderbook
2022-05-24,47.6,94237.08,1979.770545006472,8454,1338,onchain-orderbook
2022-05-25,45.69,88833.52,1944.2662044828226,749,1351,onchain-orderbook
2022-05-26,45.99,83148.52,1807.9694742881136,2040,1347,onchain-orderbook
2022-05-27,46.5,80206.72,1724.8757340323443,9765,1346,onchain-orderbook
2022-05-28,45.95,82572.78,1797.0136874979341,9765,1348,onchain-orderbook
2022-05-29,45.89,83289.58,1814.9831598025937,9765,1354,onchain-orderbook
2022-05-30,47.65,95106.37,1995.9364841552344,7056,1345,onchain-orderbook
2022-05-31,47.69,92713.12,1944.078766836179,1299,1343,onchain-orderbook
2022-06-01,48.94,89277.17,1824.2168379733073,7313,1341,onchain-orderbook
2022-06-02,48.9,89204.2,1824.2168379733073,7313,1340,onchain-orderbook
2022-06-03,48.9,89779.63,1835.9842120027167,7056,1338,onchain-orderbook
2022-06-04,48.9,88228.4,1804.2616695112486,7056,1334,onchain-orderbook
2022-06-05,47.95,86565.64,1805.3313949894373,7056,1339,onchain-orderbook
2022-06-06,47.95,89195.69,1860.1813068416047,7056,1344,onchain-orderbook
2022-06-07,47.95,87221.46,1819.0084952818488,7056,1343,onchain-orderbook
2022-06-08,45.99,82530.88,1794.539625671828,8600,1342,onchain-orderbook
2022-06-09,47.45,84860.45,1788.4182866616045,7056,1335,onchain-orderbook
2022-06-10,48.4,80530.07,1663.844367412088,7056,1331,onchain-orderbook
2022-06-11,48.39,74038.57,1530.0386174317211,5252,1327,onchain-orderbook
2022-06-12,48.24,69568.97,1442.1428023560777,5252,1324,onchain-orderbook
2022-06-13,46.95,56602.7,1205.5952855404787,9259,1319,onchain-orderbook
2022-06-14,47.99,58248.21,1213.7572439085666,1299,1291,onchain-orderbook
2022-06-15,48.8,59231.35,1213.7572439085666,7056,1275,onchain-orderbook
2022-06-16,48.9,52254.71,1068.6035748646073,4117,1272,onchain-orderbook
2022-06-17,49.45,53772.59,1087.4133183384715,4117,1263,onchain-orderbook
2022-06-18,61.55,66930.29,1087.4133183384715,4073,1189,onchain-orderbook
2022-06-19,66.65,66381.69,995.974339837249,2787,1133,onchain-orderbook
2022-06-20,68.5,77545.73,1132.0543935828048,3964,1141,onchain-orderbook
2022-06-21,67.45,75851.67,1124.5613920165545,3890,1135,onchain-orderbook
2022-06-22,65,68319.81,1051.0740681589236,4815,1139,onchain-orderbook
2022-06-23,62.95,72045.06,1144.4807534808065,3964,1145,onchain-orderbook
2022-06-24,63.95,78614,1229.3040854466553,3964,1143,onchain-orderbook
2022-06-25,65.95,82060.68,1244.2862044953927,8454,1140,onchain-orderbook
2022-06-26,67.58,81179.65,1201.237790641909,9021,1131,onchain-orderbook
2022-06-27,66.95,79892.27,1193.312511296306,3964,1139,onchain-orderbook
2022-06-28,66.45,79295.62,1193.312511296306,3964,1144,onchain-orderbook
2022-06-29,65.95,72472.82,1098.9055176105344,3964,1148,onchain-orderbook
2022-06-30,65.95,69805.22,1058.456752847504,3964,1153,onchain-orderbook
2022-07-01,65.95,70751.24,1072.801274689286,3964,1152,onchain-orderbook
2022-07-02,66.49,70977.15,1067.4860675817192,3149,1149,onchain-orderbook
2022-07-03,67,71998.69,1074.6073175787587,8168,1147,onchain-orderbook
2022-07-04,66.95,77130.48,1152.0609113194787,3149,1150,onchain-orderbook
2022-07-05,66.95,77130.48,1152.0609113194787,3149,1148,onchain-orderbook
2022-07-06,66.95,75953.55,1134.4816471596089,3149,1148,onchain-orderbook
2022-07-07,67.45,83663.52,1240.3784056617153,3149,1150,onchain-orderbook
2022-07-08,71.95,88082.58,1224.2193343721656,4742,1135,onchain-orderbook
2022-07-09,74.65,91387.97,1224.2193343721656,4742,1115,onchain-orderbook
2022-07-10,77.69,94609.86,1217.786906804585,5432,1105,onchain-orderbook
2022-07-11,75.95,88757.45,1168.63003508845,3329,1116,onchain-orderbook
2022-07-12,76.8,84229.28,1096.7354583628346,3329,1091,onchain-orderbook
2022-07-13,77.95,81089.72,1040.2786958520558,3329,1101,onchain-orderbook
2022-07-14,77.93,86881.25,1114.8626548444904,3529,1093,onchain-orderbook
2022-07-15,78.95,97432.13,1234.0991389763224,6221,1106,onchain-orderbook
2022-07-16,83.4,113058.45,1355.6168597645387,5060,1098,onchain-orderbook
2022-07-17,83.72,113492.24,1355.6168597645387,9606,1095,onchain-orderbook
2022-07-18,83.55,112072.39,1341.3810554755378,3798,1121,onchain-orderbook
2022-07-19,82.49,129866.84,1574.334342849577,3529,1132,onchain-orderbook
2022-07-20,82.49,127246.05,1542.563363036625,3529,1140,onchain-orderbook
2022-07-21,79.45,120764.61,1520.0076882232072,6221,1151,onchain-orderbook
2022-07-22,79.4,125012.44,1574.4639833992205,4430,1154,onchain-orderbook
2022-07-23,78.95,122128.64,1546.911163307475,6221,1151,onchain-orderbook
2022-07-24,78.4,121647.12,1551.6214408281025,7789,1150,onchain-orderbook
2022-07-25,76.8,122859.18,1599.7289479243004,9396,1153,onchain-orderbook
2022-07-26,73.5,106110.3,1443.6774859243485,4430,1150,onchain-orderbook
2022-07-27,71.95,104020.14,1445.7282048859022,3334,1148,onchain-orderbook
2022-07-28,70.69,115771.26,1637.7318407625414,4430,1155,onchain-orderbook
2022-07-29,68.95,118978.58,1725.577697180815,3334,1158,onchain-orderbook
2022-07-30,68.4,116060.1,1696.7850982136515,3334,1160,onchain-orderbook
2022-07-31,68,114376.77,1682.011373614746,5060,1156,onchain-orderbook
2022-08-01,73.95,120803.03,1633.5771600628257,3334,1154,onchain-orderbook
2022-08-02,74.69,122370.5,1638.3786826572205,3149,1160,onchain-orderbook
2022-08-03,77.55,125752.96,1621.572638172034,5614,1157,onchain-orderbook
2022-08-04,75.95,123158.44,1621.572638172034,5614,1166,onchain-orderbook
2022-08-05,74.69,120351.12,1611.3418628221918,6221,1173,onchain-orderbook
2022-08-06,74.5,128907.95,1730.3080326496706,5060,1170,onchain-orderbook
2022-08-07,74.5,126037.79,1691.7824248245527,5060,1171,onchain-orderbook
2022-08-08,74.5,126754.9,1701.4080063235397,5060,1175,onchain-orderbook
2022-08-09,73.95,125467.76,1696.6566739956986,6584,1174,onchain-orderbook
2022-08-10,74.68,126706.32,1696.6566739956986,6481,1164,onchain-orderbook
2022-08-11,74.68,138385.29,1853.0435771568502,6481,1158,onchain-orderbook
2022-08-12,71.95,140973.86,1959.3309247187408,3149,1150,onchain-orderbook
2022-08-13,69.95,138659.18,1982.261379179308,3149,1146,onchain-orderbook
2022-08-14,69.95,135472.25,1936.7011636052605,3149,1150,onchain-orderbook
2022-08-15,69.95,133098.4,1902.7647975764755,3149,1149,onchain-orderbook
2022-08-16,68.5,130339.39,1902.7647975764755,3149,1150,onchain-orderbook
2022-08-17,68.69,129145.52,1880.121051575579,3149,1149,onchain-orderbook
2022-08-18,67.45,123890.61,1836.7769774706096,3149,1148,onchain-orderbook
2022-08-19,65.5,121153.68,1849.6745763236656,3149,1152,onchain-orderbook
2022-08-20,67.95,109562.3,1612.3958096170347,6584,1147,onchain-orderbook
2022-08-21,66.45,104832.11,1577.608862411428,6584,1151,onchain-orderbook
2022-08-22,66.45,107694.05,1620.6779443669527,5773,1156,onchain-orderbook
2022-08-23,65.95,106993.97,1622.349775543379,2595,1153,onchain-orderbook
2022-08-24,67.45,112373.97,1666.0336124241178,2595,1145,onchain-orderbook
2022-08-25,67.49,111872.38,1657.6140998209726,7938,1142,onchain-orderbook
2022-08-26,67.49,101922.66,1510.1891114840514,7938,1140,onchain-orderbook
2022-08-27,67.49,100794.3,1493.4702030938329,7938,1140,onchain-orderbook
2022-08-28,67.45,100734.57,1493.4702030938329,4091,1140,onchain-orderbook
2022-08-29,67.45,96841.58,1435.7535603062865,4889,1138,onchain-orderbook
2022-08-30,67.45,104904.23,1555.2888259173828,9851,1134,onchain-orderbook
2022-08-31,66.95,104407.93,1559.4910664029337,6584,1137,onchain-orderbook
2022-09-01,66.45,103233.79,1553.5559643969295,6584,1140,onchain-orderbook
2022-09-02,65.95,104641.6,1586.6808780836714,6584,1138,onchain-orderbook
2022-09-03,65,102531.74,1577.4113280397273,6588,1133,onchain-orderbook
2022-09-04,64.95,101142.25,1557.232428419976,6584,1136,onchain-orderbook
2022-09-05,64.95,102552.76,1578.9493013433012,5773,1133,onchain-orderbook
2022-09-06,62.95,98488.99,1564.5589540302462,6584,1140,onchain-orderbook
2022-09-07,64.94,105844.62,1629.8832311636493,6584,1137,onchain-orderbook
2022-09-08,62,101376.39,1635.1030730379791,7506,1136,onchain-orderbook
2022-09-09,61.95,101294.64,1635.1030730379791,3269,1136,onchain-orderbook
2022-09-10,61.95,106491.03,1718.9835506228342,3269,1134,onchain-orderbook
2022-09-11,61.95,110211.6,1779.0410937352867,8855,1120,onchain-orderbook
2022-09-12,61.95,109078.41,1760.7492036437654,8855,1119,onchain-orderbook
2022-09-13,63.95,100606.47,1573.2052136951713,3269,1107,onchain-orderbook
2022-09-14,65.99,107988.47,1636.4369060900426,2675,1065,onchain-orderbook
2022-09-15,65.95,107923.01,1636.4369060900426,5843,997,onchain-orderbook
2022-09-16,63,90229.6,1432.215807478607,7506,1014,onchain-orderbook
2022-09-17,63,92652.7,1470.6778100057832,6273,1018,onchain-orderbook
2022-09-18,62.95,92579.17,1470.6778100057832,5843,1029,onchain-orderbook
2022-09-19,64.95,86787.02,1336.2127433516657,2934,1049,onchain-orderbook
2022-09-20,63.95,84681.99,1324.1905646155858,7506,1049,onchain-orderbook
2022-09-21,63.95,80082.41,1252.265944150707,7506,1048,onchain-orderbook
2022-09-22,63.95,80082.41,1252.265944150707,7506,1049,onchain-orderbook
2022-09-23,63.9,84907.69,1328.7588806846718,3269,1054,onchain-orderbook
2022-09-24,63.95,85070.05,1330.2587236347013,7506,1048,onchain-orderbook
2022-09-25,63.95,82756.1,1294.0750952797787,7506,1046,onchain-orderbook
2022-09-26,64.9,86676.64,1335.541401993729,3269,1049,onchain-orderbook
2022-09-27,65.89,87709.49,1331.1501769338627,7506,1045,onchain-orderbook
2022-09-28,67.69,90745.88,1340.6097787518488,7709,1041,onchain-orderbook
2022-09-29,64.95,87072.61,1340.6097787518488,7506,1050,onchain-orderbook
2022-09-30,62.95,84031.54,1334.8933293811572,7506,1053,onchain-orderbook
2022-10-01,63,83801.95,1330.189678814932,1403,1050,onchain-orderbook
2022-10-02,63,80507.78,1277.901345279672,1403,1053,onchain-orderbook
2022-10-03,65.95,87272.35,1323.3107852938106,8444,1057,onchain-orderbook
2022-10-04,66.69,88251.6,1323.3107852938106,1403,1064,onchain-orderbook
2022-10-05,66.21,89554.75,1352.5865243024869,1617,1066,onchain-orderbook
2022-10-06,66.69,90126.69,1351.4273691979538,4704,1070,onchain-orderbook
2022-10-07,65.94,87363.56,1324.8947380290601,2595,1069,onchain-orderbook
2022-10-08,66.45,87442.47,1315.9137942634918,1403,1070,onchain-orderbook
2022-10-09,66.6,87639.86,1315.9137942634918,9691,1066,onchain-orderbook
2022-10-10,66.6,88087.12,1322.6294118962744,9691,1068,onchain-orderbook
2022-10-11,66.58,85970.83,1291.241112588874,1581,1072,onchain-orderbook
2022-10-12,66.49,85107.39,1280.0028459274795,6481,1074,onchain-orderbook
2022-10-13,66.49,85650.03,1288.1640147020812,2941,1077,onchain-orderbook
2022-10-14,65.99,85656.34,1298.02,3911,1081,onchain-orderbook
2022-10-15,65.95,84132,1275.6937773947975,1581,1082,onchain-orderbook
2022-10-16,65,84940.41,1306.775613334242,3911,1080,onchain-orderbook
2022-10-17,66.58,87005.12,1306.775613334242,6998,1087,onchain-orderbook
2022-10-18,66.58,88702.19,1332.2647314829262,6998,1087,onchain-orderbook
2022-10-19,65.5,85801.13,1309.9408795534412,9691,1084,onchain-orderbook
2022-10-20,66.59,85395.68,1282.41,2486,1090,onchain-orderbook
2022-10-21,66.59,86574.32,1300.11,2486,1096,onchain-orderbook
2022-10-22,66.98,87996.17,1313.767778723105,7212,1095,onchain-orderbook
2022-10-23,66.95,91352.4,1364.4868713063736,1512,1094,onchain-orderbook
2022-10-24,65,87347.14,1343.8022238712024,7495,1096,onchain-orderbook
2022-10-25,66.89,89886.93,1343.8022238712024,7495,1094,onchain-orderbook
2022-10-26,65.95,96355.76,1461.042646033279,5637,1101,onchain-orderbook
2022-10-27,64.5,101112.78,1567.64,2462,1094,onchain-orderbook
2022-10-28,66.69,100953.99,1513.78,6755,1092,onchain-orderbook
2022-10-29,65.99,102531.3,1553.74,6606,1098,onchain-orderbook
2022-10-30,65.1,103577.47,1591.0517734961002,4117,1098,onchain-orderbook
2022-10-31,66.66,104854.81,1572.979514885975,4117,1092,onchain-orderbook
2022-11-01,66.79,105553.5,1580.3787334402593,8656,1088,onchain-orderbook
2022-11-02,66.79,101563.44,1520.6383643789845,8656,1089,onchain-orderbook
2022-11-03,66.81,102332.51,1531.694447683733,1512,1090,onchain-orderbook
2022-11-04,66.3,101551.34,1531.694447683733,5637,1092,onchain-orderbook
2022-11-05,65.69,108025.82,1644.4788432709352,1617,1098,onchain-orderbook
2022-11-06,64.95,105736.38,1627.965798729485,8656,1099,onchain-orderbook
2022-11-07,64.65,101572.35,1571.1114148024405,8656,1097,onchain-orderbook
2022-11-08,64.5,86061.57,1334.2879331082395,1617,1087,onchain-orderbook
2022-11-09,62.62,69252.33,1105.9139715386345,4930,1076,onchain-orderbook
2022-11-10,66.75,73819.76,1105.9139715386345,9748,1081,onchain-orderbook
2022-11-11,66.5,86561.68,1301.6794034386164,8249,1080,onchain-orderbook
2022-11-12,64.95,81561.61,1255.76,4700,1086,onchain-orderbook
2022-11-13,64.95,79335.54,1221.4864454622398,4700,1090,onchain-orderbook
2022-11-14,64.49,80095.94,1241.99,9519,1087,onchain-orderbook
2022-11-15,66.5,83381.32,1253.8544392714662,8249,1081,onchain-orderbook
2022-11-16,66.5,83381.32,1253.8544392714662,8249,1080,onchain-orderbook
2022-11-17,66.77,81267.37,1217.1239613496807,5701,1079,onchain-orderbook
2022-11-18,66.5,79914.61,1201.7234305421123,1306,1078,onchain-orderbook
2022-11-19,65.95,80386.04,1218.8936571112463,1306,1079,onchain-orderbook
2022-11-20,64,73215.87,1143.9979387796009,7647,1078,onchain-orderbook
2022-11-21,61.99,70916.43,1143.9979387796009,7212,1089,onchain-orderbook
2022-11-22,63.45,70432.04,1110.0400946661234,1306,1095,onchain-orderbook
2022-11-23,65.95,75140.78,1139.3597540985886,6481,1088,onchain-orderbook
2022-11-24,66.19,78495.78,1185.9159377338015,4560,1084,onchain-orderbook
2022-11-25,66.19,79360.19,1198.9755884889066,8542,1080,onchain-orderbook
2022-11-26,66,79624.34,1206.4293749001572,8238,1076,onchain-orderbook
2022-11-27,65.95,78889.14,1196.1962195659255,2787,1077,onchain-orderbook
2022-11-28,65.98,77191.4,1169.9211284668527,4329,1076,onchain-orderbook
2022-11-29,65.94,77144.6,1169.9211284668527,1512,1069,onchain-orderbook
2022-11-30,65.49,79728.05,1217.4080089462288,2941,1075,onchain-orderbook
2022-12-01,65.49,83607.11,1276.6393714030964,2941,1075,onchain-orderbook
2022-12-02,65.46,85034.73,1299.0333859445502,7647,1078,onchain-orderbook
2022-12-03,65.66,85294.53,1299.0333859445502,749,1082,onchain-orderbook
2022-12-04,65.3,81183.78,1243.2431539042907,9691,1078,onchain-orderbook
2022-12-05,65.3,82266.25,1259.82,9691,1081,onchain-orderbook
2022-12-06,63.95,81340.27,1271.9354761263946,6481,1092,onchain-orderbook
2022-12-07,63.95,78839.36,1232.8281223743709,6481,1093,onchain-orderbook
2022-12-08,62.95,77606.53,1232.8281223743709,4322,1089,onchain-orderbook
2022-12-09,64.95,82102,1264.08,5766,1087,onchain-orderbook
2022-12-10,64.9,82214.67,1266.79,9691,1081,onchain-orderbook
2022-12-11,64.8,81927.81,1264.317985551174,9691,1082,onchain-orderbook
2022-12-12,64.5,82146.71,1273.5924317897045,1527,1084,onchain-orderbook
2022-12-13,64.5,82146.71,1273.5924317897045,1527,1082,onchain-orderbook
2022-12-14,64.5,85181.77,1320.647589314624,1527,1082,onchain-orderbook
2022-12-15,63.69,83332.83,1308.4131547914335,749,1081,onchain-orderbook
2022-12-16,63.69,80549.92,1264.7185220307224,749,1082,onchain-orderbook
2022-12-17,63.69,74414.66,1168.3884138173034,749,1080,onchain-orderbook
2022-12-18,63.69,75617.23,1187.27,749,1082,onchain-orderbook
2022-12-19,63.68,75337.39,1183.06208665165,1618,1092,onchain-orderbook
2022-12-20,63.67,74411.27,1168.7022149270513,749,1093,onchain-orderbook
2022-12-21,62.5,76163.79,1218.6206878905346,1527,1086,onchain-orderbook
2022-12-22,62.3,75640.85,1214.13885527762,1527,1089,onchain-orderbook
2022-12-23,62.72,76562.41,1220.701744919786,1527,1083,onchain-orderbook
2022-12-24,62.72,76586.3,1221.0825967667047,1527,1077,onchain-orderbook
2022-12-25,63.95,78088.23,1221.0825967667047,1618,1078,onchain-orderbook
2022-12-26,62.1,75731.51,1219.5089638236643,1527,1079,onchain-orderbook
2022-12-27,62.99,76320.57,1211.63,1096,1079,onchain-orderbook
2022-12-28,64.95,77281.69,1189.8644123131528,4721,1074,onchain-orderbook
2022-12-29,65.46,77888.52,1189.8644123131528,6481,1071,onchain-orderbook
2022-12-30,65.44,78632.4,1201.5953341447441,9691,1068,onchain-orderbook
2022-12-31,65.47,78526.63,1199.4291454296608,4721,1068,onchain-orderbook
2023-01-01,65.47,78331.25,1196.4449242192643,4721,1069,onchain-orderbook
2023-01-02,65.44,78591.35,1200.9681267569927,9691,1068,onchain-orderbook
2023-01-03,65.44,79468.96,1214.3789459253508,9691,1065,onchain-orderbook
2023-01-04,65.8,82665.2,1256.31,9691,1060,onchain-orderbook
2023-01-05,66.29,82915.02,1250.7922522355914,6359,1055,onchain-orderbook
2023-01-06,66.69,84676.59,1269.7044907704344,6481,1053,onchain-orderbook
2023-01-07,66.88,84592.29,1264.8369433837202,6383,1060,onchain-orderbook
2023-01-08,66.75,85936.45,1287.4374073483102,7130,1061,onchain-orderbook
2023-01-09,66.79,85987.94,1287.4374073483102,6481,1071,onchain-orderbook
2023-01-10,66.79,88312.22,1322.2371638639402,6481,1069,onchain-orderbook
2023-01-11,66.78,89195.83,1335.6668643642906,6383,1077,onchain-orderbook
2023-01-12,66.5,94239.47,1417.134908743914,9691,1071,onchain-orderbook
2023-01-13,66.19,96199.02,1453.3769102089225,5348,1071,onchain-orderbook
2023-01-14,66.19,102535.69,1549.111474081304,5348,1074,onchain-orderbook
2023-01-15,66.9,103958.21,1553.9343965480978,6572,1063,onchain-orderbook
2023-01-16,67.48,104859.49,1553.9343965480978,6572,1070,onchain-orderbook
2023-01-17,66.93,105502.95,1576.317849370702,6383,1070,onchain-orderbook
2023-01-18,66.94,104905.21,1567.1528588492292,5348,1063,onchain-orderbook
2023-01-19,67.42,102231.2,1516.3334168518509,4704,1055,onchain-orderbook
2023-01-20,66.98,103958.22,1552.0785952767906,4704,1058,onchain-orderbook
2023-01-21,66.69,110752.75,1660.71,5766,1069,onchain-orderbook
2023-01-22,66.49,108089.43,1625.6494400624342,5348,1058,onchain-orderbook
2023-01-23,64.99,105947.35,1630.21,5919,1055,onchain-orderbook
2023-01-24,64.19,99947.67,1557.0597608721732,5919,1039,onchain-orderbook
2023-01-25,65.93,106255.9,1611.6472257874357,5919,1037,onchain-orderbook
2023-01-26,65.91,106223.67,1611.6472257874357,1143,1037,onchain-orderbook
2023-01-27,66.27,106275.59,1603.6757156215774,1189,1038,onchain-orderbook
2023-01-28,66.27,104246.91,1573.0634394330648,1189,1040,onchain-orderbook
2023-01-29,66.2,109088.99,1647.87,4704,1040,onchain-orderbook
2023-01-30,66.28,103969.97,1568.64771349631,6383,1035,onchain-orderbook
2023-01-31,64.99,101946.41,1568.64771349631,4841,1051,onchain-orderbook
2023-02-01,65.88,104495.75,1586.1528857850815,431,1043,onchain-orderbook
2023-02-02,63.99,105371.69,1646.69,4841,1050,onchain-orderbook
2023-02-03,64.69,107673.98,1664.4610376798676,4841,1051,onchain-orderbook
2023-02-04,64.69,107673.98,1664.4610376798676,4841,1059,onchain-orderbook
2023-02-05,63.98,104487.66,1633.13,6383,1063,onchain-orderbook
2023-02-06,63.95,103353.43,1616.16,3796,1067,onchain-orderbook
2023-02-07,63.95,107000.5,1673.19,5060,1069,onchain-orderbook
2023-02-08,63.95,105583.89,1651.0381775107403,5060,1069,onchain-orderbook
2023-02-09,63.49,98173.95,1546.29,5060,1071,onchain-orderbook
2023-02-10,63.29,95885.62,1515.02,5060,1064,onchain-orderbook
2023-02-11,61.98,93900.94,1515.02,5637,1065,onchain-orderbook
2023-02-12,61.89,93784.06,1515.3346311806397,5060,1062,onchain-orderbook
2023-02-13,61.88,93261.82,1507.14,5637,1049,onchain-orderbook
2023-02-14,63.68,99195.61,1557.72,5060,1049,onchain-orderbook
2023-02-15,63.97,107158.16,1675.1315221601417,5919,1049,onchain-orderbook
2023-02-16,63.99,105669.25,1651.34,6383,1048,onchain-orderbook
2023-02-17,63.99,108706.35,1698.8021074898058,6383,1049,onchain-orderbook
2023-02-18,63.99,108706.35,1698.8021074898058,6383,1047,onchain-orderbook
2023-02-19,63.99,108250.6,1691.68,6383,1044,onchain-orderbook
2023-02-20,63.99,107455.6,1679.2561185130237,6383,1046,onchain-orderbook
2023-02-21,63.98,108778.71,1700.1986814992663,6572,1041,onchain-orderbook
2023-02-22,63.95,105980.5,1657.24,6732,1040,onchain-orderbook
2023-02-23,63.95,105635.81,1651.850006691427,6732,1044,onchain-orderbook
2023-02-24,63.95,102848.8,1608.2689403869492,6732,1044,onchain-orderbook
2023-02-25,63.95,102848.8,1608.2689403869492,6732,1044,onchain-orderbook
2023-02-26,63.95,104905.5,1640.43,6732,1041,onchain-orderbook
2023-02-27,63.95,104443.35,1633.2033212001768,6732,1047,onchain-orderbook
2023-02-28,63.95,102595.62,1604.31,6732,1050,onchain-orderbook
2023-03-01,63.95,106420.47,1664.12,6732,1048,onchain-orderbook
2023-03-02,63.5,104669.59,1648.34,2431,1055,onchain-orderbook
2023-03-03,63.49,99698.46,1570.3017999164865,6732,1059,onchain-orderbook
2023-03-04,63.5,99572.45,1568.07,2431,1055,onchain-orderbook
2023-03-05,64.95,101635.06,1564.82,7941,1042,onchain-orderbook
2023-03-06,66.99,104995.44,1567.33,4739,1025,onchain-orderbook
2023-03-07,67.45,105415.58,1562.87,2372,1024,onchain-orderbook
2023-03-08,65.87,101080.15,1534.54,1917,1028,onchain-orderbook
2023-03-09,65.86,101064.8,1534.54,2996,1031,onchain-orderbook
2023-03-10,65.49,93411.01,1426.34,5196,1024,onchain-orderbook
2023-03-11,65.49,96418.96,1472.27,5196,1007,onchain-orderbook
2023-03-12,67,106456.3,1588.9,2040,1002,onchain-orderbook
2023-03-13,66.69,111969.84,1678.96,1849,1004,onchain-orderbook
2023-03-14,67,114208.19,1704.5998680248742,5461,1004,onchain-orderbook
2023-03-15,67.25,114634.34,1704.5998680248742,5222,1007,onchain-orderbook
2023-03-16,67.99,112691.39,1657.47,9575,1009,onchain-orderbook
2023-03-17,70.4,118263.3,1679.876421733345,3960,985,onchain-orderbook
2023-03-18,74.47,131805.94,1769.92,7837,979,onchain-orderbook
2023-03-19,74.7,134039.44,1794.37,9001,980,onchain-orderbook
2023-03-20,65.99,115207.32,1745.83,1715,988,onchain-orderbook
2023-03-21,62.69,113693.33,1813.58,5196,988,onchain-orderbook
2023-03-22,63.95,115978.44,1813.58,5455,990,onchain-orderbook
2023-03-23,61.99,108258.97,1746.3940813632087,5831,1001,onchain-orderbook
2023-03-24,59.1,104079.24,1761.07,5333,997,onchain-orderbook
2023-03-25,58.99,103516.83,1754.82,9575,995,onchain-orderbook
2023-03-26,60.95,108331.31,1777.38,5196,998,onchain-orderbook
2023-03-27,62.99,108141.86,1716.81,7003,997,onchain-orderbook
2023-03-28,65.55,112536.9,1716.81,5917,993,onchain-orderbook
2023-03-29,65.55,116355.84,1775.07,5917,994,onchain-orderbook
2023-03-30,64.99,116672.65,1795.24,3446,1000,onchain-orderbook
2023-03-31,64.5,117643.49,1823.93,8924,1007,onchain-orderbook
2023-04-01,64.5,117652.52,1824.07,7711,1012,onchain-orderbook
2023-04-02,59.98,107830.84,1797.78,2372,1019,onchain-orderbook
2023-04-03,59.98,108587.19,1810.39,3433,1019,onchain-orderbook
2023-04-04,61.97,116119.39,1873.8,9550,1020,onchain-orderbook
2023-04-05,59,112723.63,1910.57,8924,1039,onchain-orderbook
2023-04-06,59.99,112321.68,1872.34,3486,1043,onchain-orderbook
2023-04-07,57.98,108206.91,1866.28,2153,1048,onchain-orderbook
2023-04-08,57.6,106651.58,1851.59,4329,1050,onchain-orderbook
2023-04-09,57.99,107908.37,1860.81,3446,1054,onchain-orderbook
2023-04-10,57.99,110815.41,1910.94,3446,1051,onchain-orderbook
2023-04-11,57.99,109757.09,1892.69,3446,1070,onchain-orderbook
2023-04-12,57.99,111318.18,1919.61,3446,1076,onchain-orderbook
2023-04-13,55.99,112656.92,2012.09,3486,1086,onchain-orderbook
2023-04-14,55.5,116791.98,2104.36,9174,1081,onchain-orderbook
2023-04-15,55.4,116012.59,2094.09,9662,1084,onchain-orderbook
2023-04-16,52.99,112332.97,2119.89,9050,1088,onchain-orderbook
2023-04-17,53.2,110525.13,2077.54,3735,1086,onchain-orderbook
2023-04-18,52.5,110495.18,2104.67,4434,1086,onchain-orderbook
2023-04-19,51,98819.13,1937.63,9475,1085,onchain-orderbook
2023-04-20,50.01,97191.43,1943.44,9475,1084,onchain-orderbook
2023-04-21,46.3,85602.22,1848.86,4449,1075,onchain-orderbook
2023-04-22,51.49,96663.21,1877.32,4434,1065,onchain-orderbook
2023-04-23,49.99,93153.37,1863.44,376,1064,onchain-orderbook
2023-04-24,49.99,92098.08,1842.33,376,1065,onchain-orderbook
2023-04-25,49.99,93412.81,1868.63,376,1064,onchain-orderbook
2023-04-26,52.95,99084.28,1871.28,1873,1066,onchain-orderbook
2023-04-27,53.96,103103.53,1910.74,7718,1064,onchain-orderbook
2023-04-28,53.5,101340.24,1894.21,2233,1069,onchain-orderbook
2023-04-29,53.5,101982.77,1906.22,2233,1068,onchain-orderbook
2023-04-30,53.5,100859.27,1885.22,2233,1068,onchain-orderbook
2023-05-01,54.99,100758.18,1832.3,9981,1061,onchain-orderbook
2023-05-02,55,102928.65,1871.43,4797,1065,onchain-orderbook
2023-05-03,54.99,104714.16,1904.24,5041,1063,onchain-orderbook
2023-05-04,55,103271.85,1877.67,1693,1059,onchain-orderbook
2023-05-05,53.99,107663.08,1994.13,5166,1058,onchain-orderbook
2023-05-06,53.99,102664.68,1901.55,5166,1062,onchain-orderbook
2023-05-07,53.99,102125.86,1891.57,5166,1060,onchain-orderbook
2023-05-08,53.99,99865.3,1849.7,5166,1060,onchain-orderbook
2023-05-09,49.99,92419.01,1848.75,2409,1063,onchain-orderbook
2023-05-10,49.49,91142.27,1841.63,8043,1064,onchain-orderbook
2023-05-11,49.49,88941.45,1797.16,8043,1067,onchain-orderbook
2023-05-12,49.49,89475.45,1807.95,7702,1067,onchain-orderbook
2023-05-13,49.49,88963.72,1797.61,4841,1066,onchain-orderbook
2023-05-14,49.49,89076.56,1799.89,4841,1063,onchain-orderbook
2023-05-15,49.49,90069.33,1819.95,4841,1069,onchain-orderbook
2023-05-16,49.49,90256.89,1823.74,4841,1070,onchain-orderbook
2023-05-17,49.48,90073.39,1820.4,6263,1069,onchain-orderbook
2023-05-18,49.48,89155.54,1801.85,6263,1069,onchain-orderbook
2023-05-19,49.48,89641.43,1811.67,6263,1069,onchain-orderbook
2023-05-20,49.48,89976.91,1818.45,6263,1072,onchain-orderbook
2023-05-21,49.48,89306.45,1804.9,6263,1070,onchain-orderbook
2023-05-22,48.99,89088.32,1818.5,2037,1070,onchain-orderbook
2023-05-23,49.48,91744.33,1854.17,6263,1073,onchain-orderbook
2023-05-24,49.9,89812.02,1799.84,2905,1074,onchain-orderbook
2023-05-25,50.99,92086.41,1805.97,3913,1072,onchain-orderbook
2023-05-26,50.99,93254.59,1828.88,3913,1067,onchain-orderbook
2023-05-27,54.49,99714.52,1829.96,8611,1065,onchain-orderbook
2023-05-28,54.49,104264.44,1913.46,8611,1069,onchain-orderbook
2023-05-29,50.99,96511.83,1892.76,7354,1073,onchain-orderbook
2023-05-30,50.99,96944.23,1901.24,7354,1075,onchain-orderbook
2023-05-31,50.69,95031.58,1874.76,7354,1073,onchain-orderbook
2023-06-01,50.69,94373.63,1861.78,7354,1074,onchain-orderbook
2023-06-02,52.95,100982.53,1907.13,8611,1067,onchain-orderbook
2023-06-03,52.95,100188.28,1892.13,8611,1068,onchain-orderbook
2023-06-04,52.99,100356.7,1893.88,9714,1066,onchain-orderbook
2023-06-05,52.95,95860.68,1810.4,4775,1065,onchain-orderbook
2023-06-06,51.99,97907.57,1883.2,7354,1076,onchain-orderbook
2023-06-07,50.99,93421.33,1832.15,9714,1078,onchain-orderbook
2023-06-08,50.99,94111.73,1845.69,7354,1080,onchain-orderbook
2023-06-09,50.99,93786.93,1839.32,7354,1082,onchain-orderbook
2023-06-10,51.99,91199.3,1754.17,6712,1076,onchain-orderbook
2023-06-11,51.99,91084.4,1751.96,6712,1076,onchain-orderbook
2023-06-12,51.95,90528.07,1742.6,2309,1074,onchain-orderbook
2023-06-13,51.95,90251.18,1737.27,2309,1077,onchain-orderbook
2023-06-14,50.95,84070.56,1650.06,4775,1080,onchain-orderbook
2023-06-15,50.95,84823.6,1664.84,4775,1080,onchain-orderbook
2023-06-16,50.99,87537.08,1716.75,2942,1077,onchain-orderbook
2023-06-17,50.99,88031.18,1726.44,2942,1073,onchain-orderbook
2023-06-18,50.99,87709.43,1720.13,2942,1072,onchain-orderbook
2023-06-19,50.99,88470.71,1735.06,2942,1078,onchain-orderbook
2023-06-20,50.99,91445.47,1793.4,2942,1075,onchain-orderbook
2023-06-21,50.99,96507.24,1892.67,2942,1077,onchain-orderbook
2023-06-22,48.99,91806.77,1873.99,3997,1077,onchain-orderbook
2023-06-23,50,94575,1891.5,3947,1076,onchain-orderbook
2023-06-24,50,93814,1876.28,9127,1073,onchain-orderbook
2023-06-25,49.8,94617.01,1899.94,3042,1074,onchain-orderbook
2023-06-26,49.65,92322.19,1859.46,3947,1077,onchain-orderbook
2023-06-27,48,90678.72,1889.14,9383,1075,onchain-orderbook
2023-06-28,47,85937.62,1828.46,3042,1074,onchain-orderbook
2023-06-29,45.5,84323.33,1853.26,3984,1072,onchain-orderbook
2023-06-30,45.5,87962.42,1933.24,3984,1070,onchain-orderbook
2023-07-01,46,88531.14,1924.59,3042,1069,onchain-orderbook
2023-07-02,44.75,86637.34,1936.03,6496,1072,onchain-orderbook
2023-07-03,41,80102.93,1953.73,3042,1074,onchain-orderbook
2023-07-04,42.99,83246.7,1936.42,2837,1072,onchain-orderbook
2023-07-05,44.88,85797.99,1911.72,5728,1071,onchain-orderbook
2023-07-06,44.88,83196.3,1853.75,5728,1067,onchain-orderbook
2023-07-07,45.5,85091.37,1870.14,2638,1065,onchain-orderbook
2023-07-08,47.49,88566,1864.94,3118,1063,onchain-orderbook
2023-07-09,47.49,88424.48,1861.96,3118,1060,onchain-orderbook
2023-07-10,48.39,90948.52,1879.49,2837,1063,onchain-orderbook
2023-07-11,50.44,94730.86,1878.09,4201,1056,onchain-orderbook
2023-07-12,50.45,94484.78,1872.84,3235,1060,onchain-orderbook
2023-07-13,50.44,101084.28,2004.05,2791,1055,onchain-orderbook
2023-07-14,50,96852,1937.04,3616,1070,onchain-orderbook
2023-07-15,49.92,96429.96,1931.69,3947,1066,onchain-orderbook
2023-07-16,49.89,95970.9,1923.65,1873,1066,onchain-orderbook
2023-07-17,49.89,95407.14,1912.35,5433,1065,onchain-orderbook
2023-07-18,49.89,94668.27,1897.54,5433,1066,onchain-orderbook
2023-07-19,49.88,94311.11,1890.76,4453,1073,onchain-orderbook
2023-07-20,49.86,94284.76,1890.99,4775,1070,onchain-orderbook
2023-07-21,49.86,94311.69,1891.53,4775,1067,onchain-orderbook
2023-07-22,49.5,92107.13,1860.75,9259,1064,onchain-orderbook
2023-07-23,49.49,93446.03,1888.18,5064,1068,onchain-orderbook
2023-07-24,49.48,91550.86,1850.26,6281,1066,onchain-orderbook
2023-07-25,47.69,88620.9,1858.27,8240,1069,onchain-orderbook
2023-07-26,47.69,89219.41,1870.82,8240,1077,onchain-orderbook
2023-07-27,47.69,88650.94,1858.9,8240,1077,onchain-orderbook
2023-07-28,47.69,89398.24,1874.57,8240,1078,onchain-orderbook
2023-07-29,47.19,88760.61,1880.92,5682,1083,onchain-orderbook
2023-07-30,47.94,89256.61,1861.84,5682,1086,onchain-orderbook
2023-07-31,47.94,88958.9,1855.63,5682,1083,onchain-orderbook
2023-08-01,46.95,87819.98,1870.5,2100,1088,onchain-orderbook
2023-08-02,47.94,88130.98,1838.36,5682,1088,onchain-orderbook
2023-08-03,47.94,87966.06,1834.92,5682,1092,onchain-orderbook
2023-08-04,47.06,86056.74,1828.66,5682,1092,onchain-orderbook
2023-08-05,46.93,86137.2,1835.44,5682,1091,onchain-orderbook
2023-08-06,49.79,90969.32,1827.06,7974,1092,onchain-orderbook
2023-08-07,47.5,86799.13,1827.35,2100,1096,onchain-orderbook
2023-08-08,47.27,87716.1,1855.64,6186,1097,onchain-orderbook
2023-08-09,47.48,88074.45,1854.98,6186,1095,onchain-orderbook
2023-08-10,47.33,87606.88,1850.98,6186,1093,onchain-orderbook
2023-08-11,48.99,90511.96,1847.56,6655,1090,onchain-orderbook
2023-08-12,48.99,90567.81,1848.7,6548,1092,onchain-orderbook
2023-08-13,48.99,90110.74,1839.37,5433,1091,onchain-orderbook
2023-08-14,48.99,90343.19,1844.1148238289236,5433,1090,onchain-orderbook
2023-08-15,48.99,90343.19,1844.1148238289236,5433,1093,onchain-orderbook
2023-08-16,48.99,88486.23,1806.21,5433,1093,onchain-orderbook
2023-08-17,47.89,80629.52,1683.64,3997,1095,onchain-orderbook
2023-08-18,47.89,79554.68,1661.1961534376637,3997,1094,onchain-orderbook
2023-08-19,47.88,79876.29,1668.26,5433,1094,onchain-orderbook
2023-08-20,47.87,80674.8,1685.2894186361896,4721,1095,onchain-orderbook
2023-08-21,47.39,79865.87,1685.2894186361896,5433,1095,onchain-orderbook
2023-08-22,47.19,78670.45,1667.1,5433,1096,onchain-orderbook
2023-08-23,46.88,78654.8,1677.79,3997,1100,onchain-orderbook
2023-08-24,46.5,77117.31,1658.4367102734811,8396,1101,onchain-orderbook
2023-08-25,46.25,76456.34,1653.11,3997,1096,onchain-orderbook
2023-08-26,47.6,78361.02,1646.24,5931,1090,onchain-orderbook
2023-08-27,47.6,78876.53,1657.07,5931,1090,onchain-orderbook
2023-08-28,47.6,78669.58,1652.7221977529011,5931,1086,onchain-orderbook
2023-08-29,48.95,80900.75,1652.7221977529011,8830,1085,onchain-orderbook
2023-08-30,48.45,83813.85,1729.9040991848067,4453,1084,onchain-orderbook
2023-08-31,48.2,79298.16,1645.19,2808,1083,onchain-orderbook
2023-09-01,48,78187.63,1628.908950990818,3607,1082,onchain-orderbook
2023-09-02,48,78187.63,1628.908950990818,3607,1082,onchain-orderbook
2023-09-03,47.99,78564.22,1637.095703767827,8830,1082,onchain-orderbook
2023-09-04,47.99,78494.27,1635.6380226307274,8830,1081,onchain-orderbook
2023-09-05,47.99,78171.29,1628.9078773649364,7811,1079,onchain-orderbook
2023-09-06,47.99,78372.95,1633.11,7811,1077,onchain-orderbook
2023-09-07,46.99,76698.96,1632.24,8830,1076,onchain-orderbook
2023-09-08,46.99,77397.7,1647.11,8830,1075,onchain-orderbook
2023-09-09,46.99,76801.4,1634.42,7341,1079,onchain-orderbook
2023-09-10,46.69,75518.27,1617.44,8830,1077,onchain-orderbook
2023-09-11,46.99,72937.89,1552.2002090150374,8830,1079,onchain-orderbook
2023-09-12,46.99,72937.89,1552.2002090150374,7811,1077,onchain-orderbook
2023-09-13,46.99,74855.4,1593.0069499467456,111,1077,onchain-orderbook
2023-09-14,47,75562.37,1607.71,8396,1080,onchain-orderbook
2023-09-15,46.99,76448.97,1626.92,5728,1080,onchain-orderbook
2023-09-16,47,77134.52,1641.16,8396,1084,onchain-orderbook
2023-09-17,47,76805.99,1634.17,8396,1083,onchain-orderbook
2023-09-18,44.99,73046.21,1623.61,4105,1088,onchain-orderbook
2023-09-19,44.99,73666.63,1637.4,4105,1085,onchain-orderbook
2023-09-20,46,75594.56,1643.36,5931,1083,onchain-orderbook
2023-09-21,46.489,75427.01,1622.47,2808,1080,onchain-orderbook
2023-09-22,46.489,73645.55,1584.15,2808,1083,onchain-orderbook
2023-09-23,45.5,72489.69,1593.18,9475,1089,onchain-orderbook
2023-09-24,45.46,71869.08,1580.93,4118,1089,onchain-orderbook
2023-09-25,45.46,71869.08,1580.93,4118,1086,onchain-orderbook
2023-09-26,45.5,72269.93,1588.35,9475,1080,onchain-orderbook
2023-09-27,45.49,72503.78,1593.84,1139,1082,onchain-orderbook
2023-09-28,45.49,72668.46,1597.46,1139,1078,onchain-orderbook
2023-09-29,45.5,75199.22,1652.73,9475,1072,onchain-orderbook
2023-09-30,46,76715.82,1667.7352703098104,8538,1076,onchain-orderbook
2023-10-01,45.5,76030.26,1670.9946358420427,8538,1071,onchain-orderbook
2023-10-02,44.5,77150.54,1733.72,1461,1073,onchain-orderbook
2023-10-03,44.39,73763.75,1661.72,6088,1073,onchain-orderbook
2023-10-04,43.79,72531.13,1656.34,5674,1070,onchain-orderbook
2023-10-05,42.9,70656.73,1647.01,1672,1066,onchain-orderbook
2023-10-06,43,69281.17,1611.19,2837,1066,onchain-orderbook
2023-10-07,45,73552.05,1634.49,3798,1059,onchain-orderbook
2023-10-08,45,73497.6,1633.28,3798,1061,onchain-orderbook
2023-10-09,45.48,74281.57,1633.28,4775,1059,onchain-orderbook
2023-10-10,45.48,71843.39,1579.67,4775,1059,onchain-orderbook
2023-10-11,45.48,71284.9,1567.39,4775,1054,onchain-orderbook
2023-10-12,44.95,70437.1,1567.01,4775,1052,onchain-orderbook
2023-10-13,44.95,69218.06,1539.89,4775,1054,onchain-orderbook
2023-10-14,44.95,69774.54,1552.27,4775,1054,onchain-orderbook
2023-10-15,44.95,70021.35,1557.7608092483292,4775,1053,onchain-orderbook
2023-10-16,43.5,69653.51,1601.23,4145,1054,onchain-orderbook
2023-10-17,43.5,68080.11,1565.06,4947,1056,onchain-orderbook
2023-10-18,43.5,68025.74,1563.81,1544,1057,onchain-orderbook
2023-10-19,43.5,68216.7,1568.2,1544,1055,onchain-orderbook
2023-10-20,43.3,69449.3,1603.91,1544,1050,onchain-orderbook
2023-10-21,42.99,70041.03,1629.24,5682,1053,onchain-orderbook
2023-10-22,42.99,71559.86,1664.57,5682,1050,onchain-orderbook
2023-10-23,42.88,75687.06,1765.09,5682,1048,onchain-orderbook
2023-10-24,42.88,76580.68,1785.93,5682,1046,onchain-orderbook
2023-10-25,42.88,76565.24,1785.57,5682,1044,onchain-orderbook
2023-10-26,44.75,80676.64,1802.83,3153,1033,onchain-orderbook
2023-10-27,44.75,80676.64,1802.83,3153,1028,onchain-orderbook
2023-10-28,44.75,79694.83,1780.89,3153,1025,onchain-orderbook
2023-10-29,45.75,81254.75,1776.06,3153,1025,onchain-orderbook
2023-10-30,46.88,84842.96,1809.79,2522,1024,onchain-orderbook
2023-10-31,46.87,85145.45,1816.63,1873,1026,onchain-orderbook
2023-11-01,46.87,86537.49,1846.33,1139,1029,onchain-orderbook
2023-11-02,46.87,84416.62,1801.08,9608,1028,onchain-orderbook
2023-11-03,46.87,84416.62,1801.08,9608,1024,onchain-orderbook
2023-11-04,46.87,85877.09,1832.24,9608,1025,onchain-orderbook
2023-11-05,46.87,87040.87,1857.07,9608,1026,onchain-orderbook
2023-11-06,48.93,92638.68,1893.29,1544,1009,onchain-orderbook
2023-11-07,49.85,94705.03,1899.8,1544,1006,onchain-orderbook
2023-11-08,52,98137,1887.25,9806,992,onchain-orderbook
2023-11-09,54.5,115631.02,2121.67,1738,986,onchain-orderbook
2023-11-10,59,125178.53,2121.67,8932,957,onchain-orderbook
2023-11-11,59.4,123427.85,2077.91,8932,955,onchain-orderbook
2023-11-12,59.75,122204.88,2045.27,8932,959,onchain-orderbook
2023-11-13,59.55,122412.17,2055.62,8932,962,onchain-orderbook
2023-11-14,57.33,117848.69,2055.62,2522,971,onchain-orderbook
2023-11-15,57.22,113213.78,1978.57,2522,973,onchain-orderbook
2023-11-16,56.9,117269.19,2060.97,3038,972,onchain-orderbook
2023-11-17,55.99,109678.81,1958.9,5952,971,onchain-orderbook
2023-11-18,56.6,111097.88,1962.86,5952,971,onchain-orderbook
2023-11-19,56.19,110286.92,1962.75,1110,971,onchain-orderbook
2023-11-20,56.25,113115.94,2010.95,1621,974,onchain-orderbook
2023-11-21,56,113239.84,2022.14,6683,973,onchain-orderbook
2023-11-22,55.99,115579.04,2064.28,1621,975,onchain-orderbook
2023-11-23,55.99,115510.73,2063.06,1621,971,onchain-orderbook
2023-11-24,56.98,117553.16,2063.06,6683,976,onchain-orderbook
2023-11-25,56.7,117977.39,2080.73,5952,974,onchain-orderbook
2023-11-26,56.5,117775.95,2084.53,5952,973,onchain-orderbook
2023-11-27,57.39,118397.29,2063.03,3038,963,onchain-orderbook
2023-11-28,57.4,116362.43,2027.22,1621,957,onchain-orderbook
2023-11-29,56.99,116850.02,2050.36,1621,957,onchain-orderbook
2023-11-30,56.98,115636.35,2029.42,3038,958,onchain-orderbook
2023-12-01,56.85,116653.93,2051.96,1621,958,onchain-orderbook
2023-12-02,56.85,118660.73,2087.26,1621,962,onchain-orderbook
2023-12-03,56.85,123117.2,2165.65,1621,963,onchain-orderbook
2023-12-04,57.24,125661.83,2195.35,1848,961,onchain-orderbook
2023-12-05,57.09,128128.8,2244.33,5614,963,onchain-orderbook
2023-12-06,56.86,130423.19,2293.76,3038,968,onchain-orderbook
2023-12-07,56.49,126077.21,2231.85,6286,967,onchain-orderbook
2023-12-08,55.89,131746.14,2357.24,5210,966,onchain-orderbook
2023-12-09,55.69,130300.12,2339.74,5210,968,onchain-orderbook
2023-12-10,55.55,130706.37,2352.95,431,970,onchain-orderbook
2023-12-11,55.69,131035.79,2352.95,5210,971,onchain-orderbook
2023-12-12,55.5,123507.48,2225.36,5614,974,onchain-orderbook
2023-12-13,54.83,123964.18,2260.8823525751127,5210,971,onchain-orderbook
2023-12-14,54.82,127043.44,2317.4650743736975,6683,969,onchain-orderbook
2023-12-15,54.69,121258.67,2217.2,5210,976,onchain-orderbook
2023-12-16,54.68,121236.5,2217.2,8917,972,onchain-orderbook
2023-12-17,54,120271.5,2227.25,5210,971,onchain-orderbook
2023-12-18,54,118569.96,2195.74,5210,967,onchain-orderbook
2023-12-19,54,119664,2216,5210,967,onchain-orderbook
2023-12-20,53.69,116953.46,2178.31,1544,966,onchain-orderbook
2023-12-21,56.89,125252.44,2201.66,3534,958,onchain-orderbook
2023-12-22,55.99,130224.9,2325.86,8917,964,onchain-orderbook
2023-12-23,55.99,129255.71,2308.55,8917,965,onchain-orderbook
2023-12-24,55.74,128678.58,2308.55,2920,964,onchain-orderbook
2023-12-25,55.74,126176.97,2263.67,2920,966,onchain-orderbook
2023-12-26,55.74,126613.41,2271.5,2920,968,onchain-orderbook
2023-12-27,55.7,124294.03,2231.4907077795483,5803,967,onchain-orderbook
2023-12-28,55.65,130526.52,2345.49,7265,968,onchain-orderbook
2023-12-29,55.7,128164.03,2300.97,5803,966,onchain-orderbook
2023-12-30,55.69,127664.87,2292.42,5256,966,onchain-orderbook
2023-12-31,55.49,127206.39,2292.42,2920,962,onchain-orderbook
2024-01-01,55.49,126605.43,2281.59,2920,966,onchain-orderbook
2024-01-02,55.65,130782.51,2350.09,5256,965,onchain-orderbook
2024-01-03,55.69,131214.55,2356.16,7532,972,onchain-orderbook
2024-01-04,55.69,123161.78,2211.56,7532,974,onchain-orderbook
2024-01-05,55.69,126256.47,2267.13,7532,978,onchain-orderbook
2024-01-06,55.495,124429.78,2242.18,7289,982,onchain-orderbook
2024-01-07,53.99,121055.3,2242.18,7532,982,onchain-orderbook
2024-01-08,53,117817.54,2222.972370495866,2486,984,onchain-orderbook
2024-01-09,53,123680.27,2333.59,2486,984,onchain-orderbook
2024-01-10,53.99,139767.69,2588.77,7532,980,onchain-orderbook
2024-01-11,57.99,151983.67,2620.86,4787,968,onchain-orderbook
2024-01-12,59.38,149749.83,2521.89,2586,961,onchain-orderbook
2024-01-13,59.37,149724.61,2521.89,5337,959,onchain-orderbook
2024-01-14,58.74,151404.16,2577.5308138752603,8186,967,onchain-orderbook
2024-01-15,58.5,146993.54,2512.71,4911,965,onchain-orderbook
2024-01-16,58.38,151121.3,2588.58,2586,977,onchain-orderbook
2024-01-17,58.25,147323.57,2529.16,7116,973,onchain-orderbook
2024-01-18,58.2,143592.79,2467.23,4814,975,onchain-orderbook
2024-01-19,59,146948.35,2490.65,7495,956,onchain-orderbook
2024-01-20,61.45,153050.44,2490.65,1742,944,onchain-orderbook
2024-01-21,61.45,150766.96,2453.49,1742,940,onchain-orderbook
2024-01-22,64.35,148774.63,2311.96,2608,939,onchain-orderbook
2024-01-23,64.34,144246.42,2241.94,3736,941,onchain-orderbook
2024-01-24,62.95,140629.04,2233.98,9295,933,onchain-orderbook
2024-01-25,63.25,140247.39,2217.35,2608,938,onchain-orderbook
2024-01-26,62.69,142235.51,2268.8707315074744,5831,940,onchain-orderbook
2024-01-27,61.99,140587.61,2267.907851752534,6512,941,onchain-orderbook
2024-01-28,61.99,139914.53,2257.05,6512,946,onchain-orderbook
2024-01-29,60.99,141311.39,2316.96,6512,950,onchain-orderbook
2024-01-30,61.48,142446.7,2316.96,5378,956,onchain-orderbook
2024-01-31,59.99,136926.33,2282.4858670158414,5210,955,onchain-orderbook
2024-02-01,60.99,140483.15,2303.38,5378,952,onchain-orderbook
2024-02-02,60.95,140391.01,2303.38,7974,952,onchain-orderbook
2024-02-03,59.99,138424.53,2307.46,5085,954,onchain-orderbook
2024-02-04,59.95,137184.18,2288.31,1595,953,onchain-orderbook
2024-02-05,59.89,137661.36,2298.57,2642,950,onchain-orderbook
2024-02-06,59,139983.99,2372.61,2225,957,onchain-orderbook
2024-02-07,56.99,138229.81,2425.51,6440,959,onchain-orderbook
2024-02-08,59.95,145036.44,2419.29,7974,953,onchain-orderbook
2024-02-09,59.69,144407.42,2419.29,6169,957,onchain-orderbook
2024-02-10,58.99,146789.27,2488.375408514044,6169,954,onchain-orderbook
2024-02-11,57.95,144938.75,2501.1,9468,954,onchain-orderbook
2024-02-12,58.5,155492.42,2657.99,1928,960,onchain-orderbook
2024-02-13,58.95,155770.66,2642.42,6169,956,onchain-orderbook
2024-02-14,57.5,159828.73,2779.63,586,959,onchain-orderbook
2024-02-15,56.99,160849.72,2822.42,6169,958,onchain-orderbook
2024-02-16,55.99,157071.55,2805.35,8635,961,onchain-orderbook
2024-02-17,56.89,158549.59,2786.95,7974,961,onchain-orderbook
2024-02-18,56.69,162996.79,2875.23,6169,964,onchain-orderbook
2024-02-19,56.88,167350.06,2942.16,3629,958,onchain-orderbook
2024-02-20,55.99,168849.04,3015.7,6451,957,onchain-orderbook
2024-02-21,55.99,166648.08,2976.39,6451,964,onchain-orderbook
2024-02-22,55.95,166400.9,2974.1,907,965,onchain-orderbook
2024-02-23,55.95,163465.2,2921.63,907,967,onchain-orderbook
2024-02-24,55.99,167485.69,2991.35,6451,961,onchain-orderbook
2024-02-25,56.1,167814.74,2991.35,9468,963,onchain-orderbook
2024-02-26,55.95,174077.79,3111.31,907,967,onchain-orderbook
2024-02-27,57,181133.46,3177.78,2467,969,onchain-orderbook
2024-02-28,58.75,190627.89,3244.73,7071,972,onchain-orderbook
2024-02-29,58.93,199173.97,3379.84,3629,976,onchain-orderbook
2024-03-01,57.5,192145.45,3341.66,3629,979,onchain-orderbook
2024-03-02,58.94,202347.5,3433.11,2094,982,onchain-orderbook
2024-03-03,59.88,204838.1,3420.81,3323,986,onchain-orderbook
2024-03-04,57.88,202111.17,3491.9,9000,984,onchain-orderbook
2024-03-05,54.99,199935.39,3635.85,9000,988,onchain-orderbook
2024-03-06,54.99,195387.17,3553.14,503,999,onchain-orderbook
2024-03-07,53.99,208779.87,3867.01,8518,1003,onchain-orderbook
2024-03-08,53.88,209814.65,3894.11,4269,1008,onchain-orderbook
2024-03-09,53.84,209658.88,3894.11,6435,1024,onchain-orderbook
2024-03-10,50.99,199609.53,3914.68,7594,1030,onchain-orderbook
2024-03-11,48,186619.2,3887.9,2996,1035,onchain-orderbook
2024-03-12,49.98,198835.43,3978.3,2265,1045,onchain-orderbook
2024-03-13,49.99,200301.43,4006.83,1482,1045,onchain-orderbook
2024-03-14,48.5,188168.36,3879.76,1482,1044,onchain-orderbook
2024-03-15,48.99,190069.44,3879.76,6883,1034,onchain-orderbook
2024-03-16,48.99,183029.58,3736.06,6883,1035,onchain-orderbook
2024-03-17,48.9,178196.98,3644.11,4931,1043,onchain-orderbook
2024-03-18,47.99,168951.67,3520.56,2996,1043,onchain-orderbook
2024-03-19,50.99,161079.96,3159.05,7594,1033,onchain-orderbook
2024-03-20,50.99,179254.84,3515.49,7594,1021,onchain-orderbook
2024-03-21,49.75,173656.36,3490.58,3736,1025,onchain-orderbook
2024-03-22,49.75,165445.12,3325.53,3736,1027,onchain-orderbook
2024-03-23,49.75,165996.35,3336.61,3736,1031,onchain-orderbook
2024-03-24,49.75,165996.35,3336.61,3736,1032,onchain-orderbook
2024-03-25,47.47,170380.27,3589.22,8078,1033,onchain-orderbook
2024-03-26,47.39,170069.91,3588.73,1482,1035,onchain-orderbook
2024-03-27,46.98,164683.69,3505.4,1482,1039,onchain-orderbook
2024-03-28,45.99,163797.06,3561.58,1482,1043,onchain-orderbook
2024-03-29,45.99,163797.06,3561.58,8078,1046,onchain-orderbook
2024-03-30,45.99,161618.52,3514.21,8078,1047,onchain-orderbook
2024-03-31,44.99,157791.18,3507.25,6636,1043,onchain-orderbook
2024-04-01,44.49,162372.48,3649.639857915087,6636,1042,onchain-orderbook
2024-04-02,41.99,147132.12,3503.98,7982,1045,onchain-orderbook
2024-04-03,42,137593.25,3276.0296994644086,7735,1041,onchain-orderbook
2024-04-04,42,139026.72,3310.16,7735,1043,onchain-orderbook
2024-04-05,41.5,137791.69,3320.2815889834437,9620,1043,onchain-orderbook
2024-04-06,42,140939.88,3355.711481104543,7735,1043,onchain-orderbook
2024-04-07,42,140939.88,3355.711481104543,7735,1042,onchain-orderbook
2024-04-08,42,145016.34,3452.77,7735,1041,onchain-orderbook
2024-04-09,42,155167.71,3694.469215915585,7735,1042,onchain-orderbook
2024-04-10,39.99,140115.16,3503.75504620969,1386,1042,onchain-orderbook
2024-04-11,39.99,141708.56,3543.6,1386,1044,onchain-orderbook
2024-04-12,41.73,146226.76,3504.1159729100136,7982,1038,onchain-orderbook
2024-04-13,39.1,126786.71,3242.6269305459964,1386,1040,onchain-orderbook
2024-04-14,41.5,124764.29,3006.368322716297,1848,1040,onchain-orderbook
2024-04-15,40.98,129257.48,3154.16,1012,1040,onchain-orderbook
2024-04-16,39.99,123971.8,3100.07,5064,1046,onchain-orderbook
2024-04-17,40.98,126496.24,3086.78,1012,1049,onchain-orderbook
2024-04-18,39.69,118384.76,2982.7352331898023,5064,1050,onchain-orderbook
2024-04-19,39.69,121714.22,3066.621923599688,5064,1050,onchain-orderbook
2024-04-20,39.69,121358.13,3057.65,5064,1051,onchain-orderbook
2024-04-21,38.99,123094.55,3157.08,5064,1050,onchain-orderbook
2024-04-22,38.5,121146.1,3146.6520214421707,628,1050,onchain-orderbook
2024-04-23,37.99,121599.04,3200.8170529979875,628,1054,onchain-orderbook
2024-04-24,38.98,125535.09,3220.5,4721,1059,onchain-orderbook
2024-04-25,38.98,122361.18,3139.076000241789,4721,1060,onchain-orderbook
2024-04-26,38.97,123021.28,3156.8200325409025,2233,1059,onchain-orderbook
2024-04-27,38.45,120360.42,3130.31,8648,1060,onchain-orderbook
2024-04-28,36.9,119979.51,3251.477368240025,5446,1062,onchain-orderbook
2024-04-29,35.99,117462.89,3263.7647912079774,1702,1060,onchain-orderbook
2024-04-30,36,115754.34,3215.3982871878625,1476,1057,onchain-orderbook
2024-05-01,36,108360.28,3010.0077514604686,1476,1064,onchain-orderbook
2024-05-02,37.89,112672.82,2973.682317745508,1702,1061,onchain-orderbook
2024-05-03,37.89,113159.36,2986.5231112758065,8427,1058,onchain-orderbook
2024-05-04,37.99,117895.89,3103.34,1476,1051,onchain-orderbook
2024-05-05,37.99,118451.27,3117.9592287155183,1476,1052,onchain-orderbook
2024-05-06,37.99,119133.98,3135.93,1476,1051,onchain-orderbook
2024-05-07,38.5,115896.94,3010.31,5603,1043,onchain-orderbook
2024-05-08,37.99,112989.48,2974.19,4804,1042,onchain-orderbook
2024-05-09,38.5,116912.95,3036.7,4804,1043,onchain-orderbook
2024-05-10,38.81,112838.91,2907.47,5383,1041,onchain-orderbook
2024-05-11,38.98,113441.55,2910.25,4721,1038,onchain-orderbook
2024-05-12,39.95,116993.97,2928.51,2233,1034,onchain-orderbook
2024-05-13,39.99,117111.11,2928.51,2452,1039,onchain-orderbook
2024-05-14,40.69,120032.65,2949.93,4829,1036,onchain-orderbook
2024-05-15,39.49,113762,2880.78,757,1040,onchain-orderbook
2024-05-16,39.39,119582.13,3035.85,757,1039,onchain-orderbook
2024-05-17,37.99,111844.15,2944.041952267699,6762,1040,onchain-orderbook
2024-05-18,37.75,116851.13,3095.3941362143387,6762,1042,onchain-orderbook
2024-05-19,37.75,117880.53,3122.66312550049,6762,1044,onchain-orderbook
2024-05-20,35.99,110556.18,3071.8582751642357,6762,1055,onchain-orderbook
2024-05-21,35.99,131779.69,3661.5641713334717,6149,1055,onchain-orderbook
2024-05-22,33.99,128775.19,3788.62,3494,1061,onchain-orderbook
2024-05-23,33.69,125977.35,3739.31,3494,1062,onchain-orderbook
2024-05-24,31.99,120831.76,3777.1728728086687,6685,1060,onchain-orderbook
2024-05-25,34.95,130242.12,3726.5270874267926,7146,1062,onchain-orderbook
2024-05-26,34.68,130092.66,3751.23,6149,1064,onchain-orderbook
2024-05-27,33.5,128159.95,3825.67,6149,1070,onchain-orderbook
2024-05-28,33.99,132349.44,3893.775673127172,6149,1079,onchain-orderbook
2024-05-29,33.99,130555.25,3840.99,6149,1080,onchain-orderbook
2024-05-30,32.49,122275.33,3763.475900660375,332,1081,onchain-orderbook
2024-05-31,32.69,122510.43,3747.642334107952,5675,1075,onchain-orderbook
2024-06-01,33.48,125890.16,3760.16,2642,1076,onchain-orderbook
2024-06-02,32.99,125827.82,3814.12,2642,1077,onchain-orderbook
2024-06-03,31.99,120947.39,3780.7874399261345,2642,1080,onchain-orderbook
2024-06-04,30,113005.78,3766.8594716412695,6281,1081,onchain-orderbook
2024-06-05,29.95,114133.13,3810.788904405213,1766,1084,onchain-orderbook
2024-06-06,31.49,121658.78,3863.41,8437,1086,onchain-orderbook
2024-06-07,31.49,120041.14,3812.04,1766,1083,onchain-orderbook
2024-06-08,29.99,110307.12,3678.13,6281,1082,onchain-orderbook
2024-06-09,29.5,108619.59,3682.0198377212705,3286,1083,onchain-orderbook
2024-06-10,29.15,108029.55,3705.988099499812,3286,1086,onchain-orderbook
2024-06-11,28.99,106326.51,3667.6961000436036,1766,1084,onchain-orderbook
2024-06-12,28.88,100979.5,3496.52,6281,1085,onchain-orderbook
2024-06-13,27.69,98580.44,3560.1460352456793,6281,1083,onchain-orderbook
2024-06-14,27.42,95104.62,3468.44,2660,1084,onchain-orderbook
2024-06-15,27.42,95414.2,3479.73,2660,1088,onchain-orderbook
2024-06-16,27.41,97732.75,3565.5874639991907,6149,1089,onchain-orderbook
2024-06-17,26.49,95912.67,3620.712463754385,6149,1091,onchain-orderbook
2024-06-18,25.45,89326.01,3509.8628752731047,4821,1086,onchain-orderbook
2024-06-19,25.45,88603.92,3481.49,4821,1091,onchain-orderbook
2024-06-20,25,88956.5,3558.26,5052,1080,onchain-orderbook
2024-06-21,25.25,88628.08,3510.0230356235097,3290,1078,onchain-orderbook
2024-06-22,26.29,92470.61,3517.33,2660,1080,onchain-orderbook
2024-06-23,26.65,93151.75,3495.3752785797174,6193,1076,onchain-orderbook
2024-06-24,26.65,91028.67,3415.71,6193,1074,onchain-orderbook
2024-06-25,26.59,89068.52,3349.7,6193,1069,onchain-orderbook
2024-06-26,26.59,90285.81,3395.48,6193,1069,onchain-orderbook
2024-06-27,26.88,90568.13,3369.35,5084,1065,onchain-orderbook
2024-06-28,28.48,98144.07,3446.07,3168,1061,onchain-orderbook
2024-06-29,28.47,96046.61,3373.607748988524,2039,1062,onchain-orderbook
2024-06-30,28.47,96029.2,3372.9961510714265,2039,1061,onchain-orderbook
2024-07-01,28.47,97736.03,3432.9480191421785,2039,1060,onchain-orderbook
2024-07-02,27.99,96316.39,3441.1,2039,1059,onchain-orderbook
2024-07-03,28.99,99051,3416.73,3168,1059,onchain-orderbook
2024-07-04,28,92151.36,3291.12,5026,1062,onchain-orderbook
2024-07-05,28.99,88519.23,3053.44,9899,1061,onchain-orderbook
2024-07-06,28.99,86368.17,2979.24,9899,1066,onchain-orderbook
2024-07-07,25.69,78902.98,3071.35,9899,1062,onchain-orderbook
2024-07-08,28.7,84053.4,2928.69,3244,1067,onchain-orderbook
2024-07-09,27.69,83608.24,3019.4381940236212,9899,1071,onchain-orderbook
2024-07-10,27.49,84265.92,3065.33,1214,1069,onchain-orderbook
2024-07-11,27.49,85299.66,3102.9340835446687,1214,1072,onchain-orderbook
2024-07-12,27.49,85205.59,3099.512368071146,9338,1074,onchain-orderbook
2024-07-13,27.99,87720.13,3133.981203878478,2039,1078,onchain-orderbook
2024-07-14,28.39,90210.6,3177.548538450402,1870,1079,onchain-orderbook
2024-07-15,27.25,88245.04,3238.35,8483,1080,onchain-orderbook
2024-07-16,27.25,95090.2,3489.548516604077,8483,1080,onchain-orderbook
2024-07-17,26.99,92960.85,3444.27,8483,1086,onchain-orderbook
2024-07-18,26.99,91448.33,3388.23,8483,1083,onchain-orderbook
2024-07-19,26.95,92341.51,3426.4012909667954,8335,1083,onchain-orderbook
2024-07-20,26.91,94348.07,3506.06,632,1090,onchain-orderbook
2024-07-21,26.92,94706.44,3518.07,7789,1098,onchain-orderbook
2024-07-22,26.91,95190.83,3537.3777296716603,7977,1103,onchain-orderbook
2024-07-23,25.41,87413.96,3440.14,7763,1106,onchain-orderbook
2024-07-24,25.59,89107.45,3482.12,6636,1108,onchain-orderbook
2024-07-25,25.09,83713.54,3336.53,2754,1104,onchain-orderbook
2024-07-26,25,79375,3175,1022,1112,onchain-orderbook
2024-07-27,24.5,80270.39,3276.3422962021987,2022,1110,onchain-orderbook
2024-07-28,24.68,80062.17,3244.01,9071,1105,onchain-orderbook
2024-07-29,24.2,79168.85,3271.44,9071,1108,onchain-orderbook
2024-07-30,24.2,80343.45,3319.977451873444,9071,1115,onchain-orderbook
2024-07-31,24.79,81269.55,3278.32,2022,1116,onchain-orderbook
2024-08-01,23.99,77473.66,3229.4148539512075,9260,1116,onchain-orderbook
2024-08-02,24.49,78402.29,3201.4,2022,1118,onchain-orderbook
2024-08-03,22.85,68276.49,2988.03,2022,1099,onchain-orderbook
2024-08-04,20.45,59345.72,2901.9913196100615,6173,1099,onchain-orderbook
2024-08-05,21.45,57703.29,2690.13,6434,1093,onchain-orderbook
2024-08-06,21.99,53212.28,2419.84,4573,1093,onchain-orderbook
2024-08-07,21.75,53476.94,2458.71,4573,1093,onchain-orderbook
2024-08-08,22.29,59728.06,2679.59,3257,1091,onchain-orderbook
2024-08-09,22.09,57458.08,2601.09,2043,1093,onchain-orderbook
2024-08-10,22.24,58043.51,2609.87,3257,1094,onchain-orderbook
2024-08-11,22.2,56674.16,2552.89,1011,1096,onchain-orderbook
2024-08-12,22.19,60452,2724.29,3257,1098,onchain-orderbook
2024-08-13,21.865,59129.96,2704.32,6981,1097,onchain-orderbook
2024-08-14,21.8,58064.74,2663.52,9000,1095,onchain-orderbook
2024-08-15,21.8,55987.63,2568.24,9000,1093,onchain-orderbook
2024-08-16,22,57042.26,2592.83,6981,1095,onchain-orderbook
2024-08-17,22,57535.5,2615.25,6981,1093,onchain-orderbook
2024-08-18,22.85,59758.46,2615.25,8565,1088,onchain-orderbook
2024-08-19,22.79,59554.83,2613.2,8565,1081,onchain-orderbook
2024-08-20,28.88,76112.66,2635.48,7003,1060,onchain-orderbook
2024-08-21,27.65,71122.99,2572.26,7304,1079,onchain-orderbook
2024-08-22,27.58,72572.08,2631.33,4332,1084,onchain-orderbook
2024-08-23,27.97,73344.89,2622.27,4332,1085,onchain-orderbook
2024-08-24,28.45,78636.08,2764.01,2118,1084,onchain-orderbook
2024-08-25,29.39,80799.87,2749.23,4332,1084,onchain-orderbook
2024-08-26,28.5,76417.62,2681.32,3190,1077,onchain-orderbook
2024-08-27,28.5,70055.85,2458.1,3190,1076,onchain-orderbook
2024-08-28,28.5,72032.04,2527.44,3190,1082,onchain-orderbook
2024-08-29,29.98,75812.52,2528.77,5702,1083,onchain-orderbook
2024-08-30,30,75764.4,2525.48,1024,1083,onchain-orderbook
2024-08-31,29.96,75663.38,2525.48,4332,1083,onchain-orderbook
2024-09-01,26.95,65450.23,2428.58,4912,1085,onchain-orderbook
2024-09-02,27.78,70503.42,2537.92,4912,1092,onchain-orderbook
2024-09-03,27.98,67831.63,2424.29,9060,1089,onchain-orderbook
2024-09-04,27.99,68543.87,2448.87,2959,1091,onchain-orderbook
2024-09-05,28.9,68434.91,2367.99,6685,1087,onchain-orderbook
2024-09-06,28.25,62840.15,2224.43,239,1087,onchain-orderbook
2024-09-07,29,65946,2274,9717,1089,onchain-orderbook
2024-09-08,29.78,68424.31,2297.66,3003,1094,onchain-orderbook
2024-09-09,29.78,70210.52,2357.64,4560,1083,onchain-orderbook
2024-09-10,29.5,70530.37,2390.86,4912,1082,onchain-orderbook
2024-09-11,29.32,68611.73,2340.1,239,1083,onchain-orderbook
2024-09-12,29.29,69180.93,2361.93,1645,1084,onchain-orderbook
2024-09-13,29.68,72465.2,2441.55,4912,1083,onchain-orderbook
2024-09-14,29.49,71332.77,2418.88,4912,1080,onchain-orderbook
2024-09-15,28.99,67295.07,2321.32,4912,1078,onchain-orderbook
2024-09-16,29.29,67205.61,2294.49,1645,1080,onchain-orderbook
2024-09-17,29.78,69746.55,2342.06,1149,1080,onchain-orderbook
2024-09-18,29.35,69630.82,2372.43,1149,1091,onchain-orderbook
2024-09-19,28.84,71061.76,2464,4912,1090,onchain-orderbook
2024-09-20,28.39,69952.96,2464,4912,1096,onchain-orderbook
2024-09-21,28.89,75510.08,2613.71,2782,1093,onchain-orderbook
2024-09-22,28.89,74664.18,2584.43,2782,1088,onchain-orderbook
2024-09-23,28.49,75462.32,2648.73,2782,1087,onchain-orderbook
2024-09-24,27.99,74271.19,2653.49,2782,1086,onchain-orderbook
2024-09-25,28,72245.88,2580.21,7056,1083,onchain-orderbook
2024-09-26,27.89,73439.67,2633.19,1471,1085,onchain-orderbook
2024-09-27,27.78,74890.99,2695.86,9933,1086,onchain-orderbook
2024-09-28,27.98,74921.77,2677.69,9933,1086,onchain-orderbook
2024-09-29,27.5,73110.4,2658.56,8351,1080,onchain-orderbook
2024-09-30,27.99,72875.88,2603.64,1645,1079,onchain-orderbook
2024-10-01,27.99,68537.43,2448.64,1645,1081,onchain-orderbook
2024-10-02,27.99,66213.98,2365.63,1645,1083,onchain-orderbook
2024-10-03,26.99,63398.97,2348.98,1645,1093,onchain-orderbook
2024-10-04,27.98,67552.39,2414.31,1471,1089,onchain-orderbook
2024-10-05,27.98,67595.76,2415.86,1471,1083,onchain-orderbook
2024-10-06,27.79,67801.49,2439.78,1471,1089,onchain-orderbook
2024-10-07,27.78,67257.6,2421.08,9060,1095,onchain-orderbook
2024-10-08,27.66,67459.97,2438.9,1471,1099,onchain-orderbook
2024-10-09,27.78,65769.43,2367.51,9060,1100,onchain-orderbook
2024-10-10,27.8,66289.66,2384.52,2755,1104,onchain-orderbook
2024-10-11,27.79,67707.28,2436.39,1471,1107,onchain-orderbook
2024-10-12,27.5,68099.35,2476.34,3257,1109,onchain-orderbook
2024-10-13,27,66629.25,2467.75,3257,1113,onchain-orderbook
2024-10-14,27.75,72951.98,2628.9,4537,1102,onchain-orderbook
2024-10-15,26.68,69524.61,2605.87,1471,1105,onchain-orderbook
2024-10-16,26.29,68623.47,2610.25,4537,1110,onchain-orderbook
2024-10-17,26.19,68192.21,2603.75,4537,1109,onchain-orderbook
2024-10-18,25.95,68535.51,2641.06,9662,1102,onchain-orderbook
2024-10-19,26.99,71472.22,2648.1,1471,1097,onchain-orderbook
2024-10-20,26.99,74142.61,2747.04,1471,1094,onchain-orderbook
2024-10-21,27.68,73741.73,2664.08,1471,1092,onchain-orderbook
2024-10-22,27.65,73661.81,2664.08,2257,1093,onchain-orderbook
2024-10-23,26.5,66856.32,2522.88,1471,1099,onchain-orderbook
2024-10-24,26.3,66652.35,2534.31,8514,1099,onchain-orderbook
2024-10-25,26.09,63433.14,2431.32,1471,1099,onchain-orderbook
2024-10-26,25.69,63713.77,2480.1,1471,1099,onchain-orderbook
2024-10-27,26.68,66839.8,2505.24,1471,1094,onchain-orderbook
2024-10-28,26.5,68018.88,2566.75,2755,1095,onchain-orderbook
2024-10-29,25.98,68496.79,2636.52,5042,1090,onchain-orderbook
2024-10-30,25.35,66835.78,2636.52,2755,1095,onchain-orderbook
2024-10-31,26.25,65987.25,2513.8,6170,1090,onchain-orderbook
2024-11-01,25.98,65262.8,2512.04,6170,1094,onchain-orderbook
2024-11-02,25.99,64747.33,2491.24,5042,1094,onchain-orderbook
2024-11-03,25.99,63804.93,2454.98,5042,1096,onchain-orderbook
2024-11-04,25.99,62289.19,2396.66,5042,1093,onchain-orderbook
2024-11-05,25,60585.5,2423.42,3970,1093,onchain-orderbook
2024-11-06,26.24,71400.35,2721.05,5965,1085,onchain-orderbook
2024-11-07,26.01,75297.91,2894.96,8661,1086,onchain-orderbook
2024-11-08,26.39,78183.54,2962.62,4088,1080,onchain-orderbook
2024-11-09,26.5,83046.5,3133.83,7056,1081,onchain-orderbook
2024-11-10,26.5,84589.59,3192.06,7056,1077,onchain-orderbook
2024-11-11,29.49,99560.01,3376.06,4089,1054,onchain-orderbook
2024-11-12,29.18,94729.37,3246.38,7056,1051,onchain-orderbook
2024-11-13,32.89,106773.44,3246.38,7218,1018,onchain-orderbook
2024-11-14,32.99,100802.59,3055.55,2966,1012,onchain-orderbook
2024-11-15,37.99,117511.81,3093.23,9060,1020,onchain-orderbook
2024-11-16,37.5,115996.13,3093.23,844,1010,onchain-orderbook
2024-11-17,36.99,113752.76,3075.23,7703,1015,onchain-orderbook
2024-11-18,35.5,113842.47,3206.83,3890,1015,onchain-orderbook
2024-11-19,35.99,115413.81,3206.83,8454,1018,onchain-orderbook
2024-11-20,35.4,108912.35,3076.62,3960,1020,onchain-orderbook
2024-11-21,37.69,126723.96,3362.27,9456,1018,onchain-orderbook
2024-11-22,36.98,123215.88,3331.96,1796,1022,onchain-orderbook
2024-11-23,37.69,128138.46,3399.8,590,1015,onchain-orderbook
2024-11-24,37.69,126963.29,3368.62,590,1016,onchain-orderbook
2024-11-25,37.69,126963.29,3368.62,590,1014,onchain-orderbook
2024-11-26,37.29,124048.17,3326.58,4332,1011,onchain-orderbook
2024-11-27,37.19,136196.85,3662.19,2684,1009,onchain-orderbook
2024-11-28,39.88,142737.7,3579.18,4332,1005,onchain-orderbook
2024-11-29,39.74,142236.61,3579.18,232,1000,onchain-orderbook
2024-11-30,40,143891.2,3597.28,209,983,onchain-orderbook
2024-12-01,42.99,159387.14,3707.54,6276,965,onchain-orderbook
2024-12-02,44.43,161960.68,3645.3,2174,968,onchain-orderbook
2024-12-03,44.24,160207.64,3621.33,3168,972,onchain-orderbook
2024-12-04,44.43,170416.15,3835.61,2782,981,onchain-orderbook
2024-12-05,44.24,169687.39,3835.61,5026,985,onchain-orderbook
2024-12-06,41.89,158869.08,3792.53,2782,993,onchain-orderbook
2024-12-07,39.98,160081.52,4004.04,2782,991,onchain-orderbook
2024-12-08,39.5,158489.41,4012.39,2543,993,onchain-orderbook
2024-12-09,38.99,144937.92,3717.31,2782,999,onchain-orderbook
2024-12-10,38.98,141406.97,3627.68,4050,1006,onchain-orderbook
2024-12-11,39.5,151348.2,3831.6,2008,1003,onchain-orderbook
2024-12-12,39.49,153286.75,3881.66,2782,1003,onchain-orderbook
2024-12-13,38.49,150591.74,3912.49,2782,1005,onchain-orderbook
2024-12-14,38.49,148933.59,3869.41,2782,1005,onchain-orderbook
2024-12-15,38.49,151798.02,3943.83,2782,1003,onchain-orderbook
2024-12-16,39.69,158463.32,3992.5251679537714,7509,996,onchain-orderbook
2024-12-17,39.9,155000.73,3884.73,8089,993,onchain-orderbook
2024-12-18,40.24,145597.58,3618.23,8807,1002,onchain-orderbook
2024-12-19,39.98,136580.08,3416.21,4348,1005,onchain-orderbook
2024-12-20,38.49,131489.92,3416.21,6170,1006,onchain-orderbook
2024-12-21,39.96,138810.65,3473.74,7662,1002,onchain-orderbook
2024-12-22,39.89,133148.83,3337.9,7703,1002,onchain-orderbook
2024-12-23,39.89,136321.28,3417.43,7703,1001,onchain-orderbook
2024-12-24,39.89,139383.64,3494.2,7703,1003,onchain-orderbook
2024-12-25,37.99,132744.66,3494.2,7509,1005,onchain-orderbook
2024-12-26,36.99,123233.29,3331.53,7509,1010,onchain-orderbook
2024-12-27,36.99,122949.95,3323.87,7509,1011,onchain-orderbook
2024-12-28,36.99,125682.4,3397.74,7509,1014,onchain-orderbook
2024-12-29,38.47,128932.97,3351.52,7626,1012,onchain-orderbook
2024-12-30,37.69,126600.71,3359,7803,1010,onchain-orderbook
2024-12-31,36.74,123409.66,3359,1900,1008,onchain-orderbook
2025-01-01,36.74,122474.26,3333.54,4348,1011,onchain-orderbook
2025-01-02,37.74,130226.02,3450.61,4841,1006,onchain-orderbook
2025-01-03,37.24,134260.63,3605.28,8746,1000,onchain-orderbook
2025-01-04,37.98,138884.12,3656.77,7803,996,onchain-orderbook
2025-01-05,37.98,138884.12,3656.77,7803,1002,onchain-orderbook
2025-01-06,37.74,137130.55,3633.56,7803,1001,onchain-orderbook
2025-01-07,36.99,125013.99,3379.67,7803,1003,onchain-orderbook
2025-01-08,36.99,123023.19,3325.85,7803,1006,onchain-orderbook
2025-01-09,36.28,116877.83,3221.55,7803,1008,onchain-orderbook
2025-01-10,36.28,118532.56,3267.16,7803,1015,onchain-orderbook
2025-01-11,36.28,118532.56,3267.16,7803,1018,onchain-orderbook
2025-01-12,35.5,115935.19,3265.78,275,1020,onchain-orderbook
2025-01-13,35.89,112555.88,3136.134992657647,2733,1019,onchain-orderbook
2025-01-14,40.9,128267.92,3136.134992657647,7919,1002,onchain-orderbook
2025-01-15,40,128888,3222.2,6341,1003,onchain-orderbook
2025-01-16,37.69,124663.07,3307.59,7703,1008,onchain-orderbook
2025-01-17,37.994,132049.67,3475.54,8807,1012,onchain-orderbook
2025-01-18,37.25,123247.96,3308.67,4841,1013,onchain-orderbook
2025-01-19,37.99,121656.9,3202.34,3721,1003,onchain-orderbook
2025-01-20,37.78,120984.41,3202.34,3721,1007,onchain-orderbook
2025-01-21,37.594,125070.35,3326.87,8807,1005,onchain-orderbook
2025-01-22,39.97,129403.27,3237.51,9719,993,onchain-orderbook
2025-01-23,40,133256.8,3331.42,6341,994,onchain-orderbook
2025-01-24,40.89,135400.28,3311.33,8807,991,onchain-orderbook
2025-01-25,40.89,135644.81,3317.31,8807,989,onchain-orderbook
2025-01-26,40.9,135677.98,3317.31,7919,992,onchain-orderbook
2025-01-27,40.89,132355.21,3236.86,4841,998,onchain-orderbook
2025-01-28,38.5,122391.89,3179.01,4841,1011,onchain-orderbook
2025-01-29,38.5,118523.02,3078.52,4841,1014,onchain-orderbook
2025-01-30,38.5,119815.85,3112.1,4841,1015,onchain-orderbook
2025-01-31,38.99,126567.39,3246.15,4348,1014,onchain-orderbook
2025-02-01,40.1,132250.2,3298.01,8891,1017,onchain-orderbook
2025-02-02,38.99,121742.38,3122.4,4348,1020,onchain-orderbook
2025-02-03,39.93,114545.99,2868.67,3721,1013,onchain-orderbook
2025-02-04,39.93,115016.37,2880.45,3721,1010,onchain-orderbook
2025-02-05,38.5,105288.38,2734.763245293648,2164,1024,onchain-orderbook
2025-02-06,37.49,100781.37,2688.22,3965,1025,onchain-orderbook
2025-02-07,35.46,93005.91,2622.84,7560,1037,onchain-orderbook
2025-02-08,34.99,91773.17,2622.84,4152,1035,onchain-orderbook
2025-02-09,34.99,92123.42,2632.85,4152,1036,onchain-orderbook
2025-02-10,36.49,97122.88,2661.63,2164,1040,onchain-orderbook
2025-02-11,36.88,95982.78,2602.57,5731,1039,onchain-orderbook
2025-02-12,35.99,98542.06,2738.04,5731,1038,onchain-orderbook
2025-02-13,35.99,98542.06,2738.04,5731,1040,onchain-orderbook
2025-02-14,35.49,94996.79,2676.72,7703,1040,onchain-orderbook
2025-02-15,35.49,95578.83,2693.12,7703,1039,onchain-orderbook
2025-02-16,35.49,94508.45,2662.96,7703,1038,onchain-orderbook
2025-02-17,35.49,94508.45,2662.96,7703,1043,onchain-orderbook
2025-02-18,35.48,97327.67,2743.17,5731,1047,onchain-orderbook
2025-02-19,35.48,94756.44,2670.7,5731,1046,onchain-orderbook
2025-02-20,35.48,97198.52,2739.53,5731,1047,onchain-orderbook
2025-02-21,35.41,94115.88,2657.89,5731,1045,onchain-orderbook
2025-02-22,34.59,95594.31,2763.64,7703,1045,onchain-orderbook
2025-02-23,34.49,97473.91,2826.15,5731,1043,onchain-orderbook
2025-02-24,34.48,97445.65,2826.15,4152,1043,onchain-orderbook
2025-02-25,34.09,85498.74,2508.03,7703,1045,onchain-orderbook
2025-02-26,34.09,79460.04,2330.89,7703,1046,onchain-orderbook
2025-02-27,34.09,78598.59,2305.62,7703,1045,onchain-orderbook
2025-02-28,34.09,76197.97,2235.2,7703,1040,onchain-orderbook
2025-03-01,34.69,76852.57,2215.41,4348,1039,onchain-orderbook
2025-03-02,35.99,90630.38,2518.21,3512,1032,onchain-orderbook
2025-03-03,35.98,77169.18,2144.78,4950,1034,onchain-orderbook
2025-03-04,35.95,78009.34,2169.94,6004,1035,onchain-orderbook
2025-03-05,37.5,84060.38,2241.61,4398,1017,onchain-orderbook
2025-03-06,36.49,81796.35,2241.61,7703,1020,onchain-orderbook
2025-03-07,38.45,84624.99,2200.91,3912,1018,onchain-orderbook
2025-03-08,38.45,82275.31,2139.8,3912,1017,onchain-orderbook
2025-03-09,38.45,77445.22,2014.18,3912,1016,onchain-orderbook
2025-03-10,37.9849,71005.55,1869.31,7703,1017,onchain-orderbook
2025-03-11,38.39,73747.57,1921.01,3912,1017,onchain-orderbook
2025-03-12,37.7949,72124.39,1908.31,7703,1016,onchain-orderbook
2025-03-13,38.39,71481.41,1861.98,3912,1014,onchain-orderbook
2025-03-14,38.39,71481.41,1861.98,3912,1016,onchain-orderbook
2025-03-15,38.39,74398.67,1937.97,6480,1017,onchain-orderbook
2025-03-16,38.39,72474.95,1887.86,6480,1014,onchain-orderbook
2025-03-17,38.37,73964.31,1927.66,6480,1014,onchain-orderbook
2025-03-18,38.4,74192.26,1932.09,9143,1009,onchain-orderbook
2025-03-19,38.4,79083.26,2059.46,9143,1012,onchain-orderbook
2025-03-20,38.4,76020.48,1979.7,9143,1010,onchain-orderbook
2025-03-21,39.93,79049.42,1979.7,7608,1010,onchain-orderbook
2025-03-22,39.92,78430.03,1964.68,5418,1012,onchain-orderbook
2025-03-23,39.99,80241.93,2006.55,8168,1000,onchain-orderbook
2025-03-24,41.8,86870.85,2078.25,8249,982,onchain-orderbook
2025-03-25,41.79,86395.39,2067.37,7608,983,onchain-orderbook
2025-03-26,40.99,82346.86,2008.95,6718,985,onchain-orderbook
2025-03-27,42.49,85064.13,2001.98,9088,983,onchain-orderbook
2025-03-28,42.67,80908.72,1896.15,6480,986,onchain-orderbook
2025-03-29,42.99,78580.56,1827.88,6480,983,onchain-orderbook
2025-03-30,42.59,76926.91,1806.22,2346,982,onchain-orderbook
2025-03-31,42.59,76926.91,1806.22,2346,980,onchain-orderbook
2025-04-01,42.59,77682.03,1823.95,2346,980,onchain-orderbook
2025-04-02,42.59,81142.04,1905.19,2346,977,onchain-orderbook
2025-04-03,42.58,77332.09,1816.16,9383,980,onchain-orderbook
2025-04-04,42.59,77297.44,1814.92,2346,980,onchain-orderbook
2025-04-05,42.59,77297.44,1814.92,2346,983,onchain-orderbook
2025-04-06,42.59,76992.92,1807.77,2346,981,onchain-orderbook
2025-04-07,42.59,67026.44,1573.76,3231,979,onchain-orderbook
2025-04-08,42.58,62666.69,1471.74,9358,972,onchain-orderbook
2025-04-09,42.5,70797.35,1665.82,5813,973,onchain-orderbook
2025-04-10,42.5,64707.53,1522.53,5813,969,onchain-orderbook
2025-04-11,42.5,64707.53,1522.53,5813,971,onchain-orderbook
2025-04-12,42.49,66606.05,1567.57,9358,970,onchain-orderbook
2025-04-13,42.49,69890.53,1644.87,9358,966,onchain-orderbook
2025-04-14,42.42,68824.75,1622.46,2390,967,onchain-orderbook
2025-04-15,42.42,67353.63,1587.78,2390,967,onchain-orderbook
2025-04-16,41.99,66249.3,1577.74,2390,967,onchain-orderbook
2025-04-17,42,66494.4,1583.2,5813,963,onchain-orderbook
2025-04-18,42,66743.88,1589.14,5813,967,onchain-orderbook
2025-04-19,42,67796.82,1614.21,5813,967,onchain-orderbook
2025-04-20,41.69,66129.09,1586.21,9383,967,onchain-orderbook
2025-04-21,42,66620.82,1586.21,5813,963,onchain-orderbook
2025-04-22,43.97,69417.2,1578.74,7608,955,onchain-orderbook
2025-04-23,43.09,77374.99,1795.66,9358,949,onchain-orderbook
2025-04-24,43.1,76260.71,1769.39,2896,945,onchain-orderbook
2025-04-25,43.1,77055.47,1787.83,2896,945,onchain-orderbook
2025-04-26,43.98,80094.62,1821.16,4875,941,onchain-orderbook
2025-04-27,44.5,81041.62,1821.16,4848,951,onchain-orderbook
2025-04-28,44.5,80072.41,1799.38,4848,953,onchain-orderbook
2025-04-29,43.99,79144.61,1799.15,8580,956,onchain-orderbook
2025-04-30,43.98,79126.62,1799.15,7693,960,onchain-orderbook
2025-05-01,43.98,78895.45,1793.8937500781467,7693,961,onchain-orderbook
2025-05-02,43.94,80944.51,1842.16,7693,961,onchain-orderbook
2025-05-03,44.49,81603.56,1834.2,9765,958,onchain-orderbook
2025-05-04,44.1,80888.22,1834.2,3965,960,onchain-orderbook
2025-05-05,44.09,80238.51,1819.88,7693,962,onchain-orderbook
2025-05-06,42.25,76732.76,1816.16,7693,963,onchain-orderbook
2025-05-07,42.99,78076.72,1816.16,2299,958,onchain-orderbook
2025-05-08,44.84,81236.63,1811.7,7693,954,onchain-orderbook
2025-05-09,44.84,98691.49,2200.97,7693,953,onchain-orderbook
2025-05-10,44.84,115822.17,2583.01,7693,952,onchain-orderbook
2025-05-11,44.85,112512.06,2508.63,3593,944,onchain-orderbook
2025-05-12,45.54,113561.28,2493.66,7693,948,onchain-orderbook
2025-05-13,47.99,119670.74,2493.66,4398,933,onchain-orderbook
2025-05-14,47.5,123792.13,2606.15,4398,931,onchain-orderbook
2025-05-15,46.59,118560.37,2544.76,2841,936,onchain-orderbook
2025-05-16,46.59,118447.15,2542.33,2841,936,onchain-orderbook
2025-05-17,46.59,115308.85,2474.97,2841,940,onchain-orderbook
2025-05-18,46.6,115257.18,2473.33,3997,940,onchain-orderbook
2025-05-19,46.99,118770.04,2527.56,1350,939,onchain-orderbook
2025-05-20,46.99,118568.93,2523.28,1350,938,onchain-orderbook
2025-05-21,46.99,120164.24,2557.23,1350,938,onchain-orderbook
2025-05-22,46.88,124602.35,2657.9,7082,936,onchain-orderbook
2025-05-23,46.88,118165.26,2520.59,7082,938,onchain-orderbook
2025-05-24,47.39,119890.07,2529.86,8249,938,onchain-orderbook
2025-05-25,47.39,120718.44,2547.34,8249,938,onchain-orderbook
2025-05-26,46.79,119895.63,2562.42,5441,932,onchain-orderbook
2025-05-27,46.78,124560.64,2662.69,1350,932,onchain-orderbook
2025-05-28,46.5,124606.52,2679.71,5441,934,onchain-orderbook
2025-05-29,46.29,121836.67,2632.03,5441,938,onchain-orderbook
2025-05-30,45.75,115565.87,2526.03,7703,940,onchain-orderbook
2025-05-31,45.75,115821.16,2531.61,7703,940,onchain-orderbook
2025-06-01,45.75,115821.16,2531.61,7703,939,onchain-orderbook
2025-06-02,45.75,119432.66,2610.55,7703,941,onchain-orderbook
2025-06-03,45.38,117751.57,2594.79,7938,945,onchain-orderbook
2025-06-04,45.49,118037,2594.79,2557,943,onchain-orderbook
2025-06-05,45.3,109613.32,2419.72,5060,958,onchain-orderbook
2025-06-06,45.3,112365.74,2480.48,5060,970,onchain-orderbook
2025-06-07,44.99,113637.99,2525.85,3241,974,onchain-orderbook
2025-06-08,44.99,112875.41,2508.9,3241,976,onchain-orderbook
2025-06-09,44,110391.6,2508.9,7703,974,onchain-orderbook
2025-06-10,44,118042.76,2682.79,7703,976,onchain-orderbook
2025-06-11,43.98,123684.07,2812.28,2557,978,onchain-orderbook
2025-06-12,43.99,122095.56,2775.53,5060,980,onchain-orderbook
2025-06-13,43.99,113401.82,2577.9,5060,985,onchain-orderbook
2025-06-14,43.25,109581.66,2533.68,2557,983,onchain-orderbook
2025-06-15,42.69,108162.8,2533.68,7703,986,onchain-orderbook
2025-06-16,41.99,107210.13,2553.23,7703,985,onchain-orderbook
2025-06-17,41.49,104258.56,2512.86,2557,986,onchain-orderbook
2025-06-18,41.4,104410.8,2522,6273,994,onchain-orderbook
2025-06-19,40.99,103366.53,2521.75,2557,996,onchain-orderbook
2025-06-20,39.89,100592.61,2521.75,3241,1002,onchain-orderbook
2025-06-21,39.79,95741.5,2406.17,2557,1008,onchain-orderbook
2025-06-22,39.98,91404.67,2286.26,6496,1003,onchain-orderbook
2025-06-23,39.5,95682.83,2422.35,1444,1001,onchain-orderbook
2025-06-24,39.5,96645.84,2446.73,1444,1000,onchain-orderbook
2025-06-25,39,94308.24,2418.16,7506,1002,onchain-orderbook
2025-06-26,39,94206.06,2415.54,7506,1004,onchain-orderbook
2025-06-27,39,94505.97,2423.23,7506,1004,onchain-orderbook
2025-06-28,39,95034.03,2436.77,7506,1004,onchain-orderbook
2025-06-29,38.99,97567.02,2502.36,3241,1005,onchain-orderbook
2025-06-30,38.99,96988.4,2487.52,2173,1003,onchain-orderbook
2025-07-01,39,93822.69,2405.71,7506,1002,onchain-orderbook
2025-07-02,39,100320.71,2572.326021629399,7506,1002,onchain-orderbook
2025-07-03,38.89,100037.76,2572.326021629399,2557,1006,onchain-orderbook
2025-07-04,38.99,97785.36,2507.96,8249,1003,onchain-orderbook
2025-07-05,38.99,98143.68,2517.15,8249,1003,onchain-orderbook
2025-07-06,38.99,100261.62,2571.47,8249,1003,onchain-orderbook
2025-07-07,38.99,99151.18,2542.99,8249,1002,onchain-orderbook
2025-07-08,41,107235.5,2615.5,6193,990,onchain-orderbook
2025-07-09,41.99,116349.25,2770.88,2557,993,onchain-orderbook
2025-07-10,43.49,128479.46,2954.23,2557,993,onchain-orderbook
2025-07-11,42.99,127191.07,2958.62,2557,999,onchain-orderbook
2025-07-12,42,123590.04,2942.62,6421,1000,onchain-orderbook
2025-07-13,43.25,128665.72,2974.93,6395,998,onchain-orderbook
2025-07-14,42.25,127293.76,3012.87,6395,998,onchain-orderbook
2025-07-15,39.99,125422.24,3136.34,3241,1007,onchain-orderbook
2025-07-16,42.94,144689.34,3369.57,2557,1006,onchain-orderbook
2025-07-17,41.98,146026.59,3478.48,6371,1012,onchain-orderbook
2025-07-18,40.99,145422.68,3547.76,2557,1007,onchain-orderbook
2025-07-19,40.99,147322.57,3594.11,2557,1006,onchain-orderbook
2025-07-20,47.25,177763.48,3762.19,6371,928,onchain-orderbook
2025-07-21,47.9,180358.35,3765.31,3593,946,onchain-orderbook
2025-07-22,47.5,177998.18,3747.33,8150,953,onchain-orderbook
2025-07-23,48.74,176916.94,3629.81,8150,945,onchain-orderbook
2025-07-24,49.99,185366.42,3708.07,8150,935,onchain-orderbook
2025-07-25,51.99,192782.56,3708.07,8565,928,onchain-orderbook
2025-07-26,50.49,188957.82,3742.48,8565,932,onchain-orderbook
2025-07-27,50.98,197390.99,3871.93,8565,945,onchain-orderbook
2025-07-28,53.98,204401.75,3786.62,4449,942,onchain-orderbook
2025-07-29,52.98,200827.05,3790.62,8565,945,onchain-orderbook
2025-07-30,53.84,204984.49,3807.29,8565,953,onchain-orderbook
2025-07-31,52,192224.76,3696.63,8774,962,onchain-orderbook
2025-08-01,52.99,195884.42,3696.63,7104,966,onchain-orderbook
2025-08-02,53.99,188336.02,3488.35,8774,964,onchain-orderbook
2025-08-03,53.5,181668.88,3395.68,8150,969,onchain-orderbook
2025-08-04,51.5,180123.83,3497.55,3951,970,onchain-orderbook
2025-08-05,51.5,191446.1,3717.4,3951,965,onchain-orderbook
2025-08-06,52.29,188893.44,3612.42,6933,967,onchain-orderbook
2025-08-07,51.99,203413.47,3912.55,9758,964,onchain-orderbook
2025-08-08,53.6,215007.29,4011.33,8150,971,onchain-orderbook
2025-08-09,54.97,220502.81,4011.33,8201,964,onchain-orderbook
2025-08-10,54.3,231590.04,4265.01,8764,961,onchain-orderbook
2025-08-11,54.86,233347.01,4253.5,6588,979,onchain-orderbook
2025-08-12,53.9949999,228240.1,4227.06,6324,1013,onchain-orderbook
2025-08-13,52,238920.24,4594.62,2918,1026,onchain-orderbook
2025-08-14,50.6949,241377.18,4761.37,6933,1024,onchain-orderbook
2025-08-15,49.5,225152.73,4548.54,2918,1025,onchain-orderbook
2025-08-16,49.5,219730.5,4439,2918,1030,onchain-orderbook
2025-08-17,49.99,221228.25,4425.45,7626,1028,onchain-orderbook
2025-08-18,48.88,210825.79,4313.13,750,1040,onchain-orderbook
2025-08-19,47.5,193583.88,4075.45,2918,1049,onchain-orderbook
2025-08-20,47.4,193176.33,4075.45,3433,1050,onchain-orderbook
2025-08-21,46.5,196315.1,4221.83,7502,1052,onchain-orderbook
2025-08-22,49,236663.14,4829.86,6741,1052,onchain-orderbook
2025-08-23,49.9,241010.01,4829.86,267,1059,onchain-orderbook
2025-08-24,49.87,238279.36,4778.01,4478,1060,onchain-orderbook
2025-08-25,48.22,210965.39,4375.06,606,1070,onchain-orderbook
2025-08-26,46.87,215491.39,4597.64,606,1069,onchain-orderbook
2025-08-27,47.98,216053.94,4503,6933,1073,onchain-orderbook
2025-08-28,46.69,210550.42,4509.54,6933,1075,onchain-orderbook
2025-08-29,46.63,203295.14,4359.75,6933,1077,onchain-orderbook
2025-08-30,46.88,204385.08,4359.75,3383,1075,onchain-orderbook
2025-08-31,46.88,205049.84,4373.93,4135,1093,onchain-orderbook
2025-09-01,45,197536.95,4389.71,3995,1093,onchain-orderbook
2025-09-02,45.75,197359.55,4313.87,4420,1097,onchain-orderbook
2025-09-03,47.99,213531.51,4449.5,1628,1088,onchain-orderbook
2025-09-04,48,206262.24,4297.13,7587,1099,onchain-orderbook
2025-09-05,48.49,208833.34,4306.73,1628,1099,onchain-orderbook
2025-09-06,48.49,208833.34,4306.73,1628,1106,onchain-orderbook
2025-09-07,48.39,208352.82,4305.7,1628,1106,onchain-orderbook
2025-09-08,48.4,208495.58,4307.76,267,1105,onchain-orderbook
2025-09-09,47.5,204669.43,4308.83,8764,1107,onchain-orderbook
2025-09-10,46.5,200360.6,4308.83,5026,1107,onchain-orderbook
2025-09-11,46.63,202793.87,4349,1417,1105,onchain-orderbook
2025-09-12,46.63,219818.02,4714.09,1417,1110,onchain-orderbook
2025-09-13,46.62,217700.02,4669.67,4420,1113,onchain-orderbook
2025-09-14,48.37,225871.94,4669.67,6588,1114,onchain-orderbook
2025-09-15,48.96,221605.69,4526.26,6482,1114,onchain-orderbook
2025-09-16,48.95,220390.03,4502.35,3995,1113,onchain-orderbook
2025-09-17,48.3,217463.51,4502.35,3995,1117,onchain-orderbook
2025-09-18,48.3,221657.39,4589.18,3995,1121,onchain-orderbook
2025-09-19,48.89,218543.68,4470.11,6482,1124,onchain-orderbook
2025-09-20,48.9,219170.29,4482.01,2991,1128,onchain-orderbook
2025-09-21,48.9,217574.19,4449.37,2991,1132,onchain-orderbook
2025-09-22,46.69,196182.04,4201.8,1613,1135,onchain-orderbook
2025-09-23,46.49,193617.83,4164.72,1613,1137,onchain-orderbook
2025-09-24,46.39,192685.5,4153.6,8237,1138,onchain-orderbook
2025-09-25,44.88,186413.57,4153.6,9763,1146,onchain-orderbook
2025-09-26,44.49,172096.66,3868.21,9763,1145,onchain-orderbook
2025-09-27,44.9,181146.81,4034.45,1350,1145,onchain-orderbook
2025-09-28,45.95,184649.62,4018.49,9516,1142,onchain-orderbook
2025-09-29,46.69,196867.45,4216.48,1444,1142,onchain-orderbook
2025-09-30,47.29,196037.86,4145.44,4478,1142,onchain-orderbook
2025-10-01,47.29,196037.86,4145.44,4478,1141,onchain-orderbook
2025-10-02,47.3,205665.13,4348.1,8548,1141,onchain-orderbook
2025-10-03,47.47,212954.88,4486.093887583558,5965,1142,onchain-orderbook
2025-10-04,48.9,219491.99,4488.588655794104,1054,1140,onchain-orderbook
2025-10-05,48.47,218800.45,4514.141763239776,7646,1141,onchain-orderbook
2025-10-06,48.7,219838.7,4514.141763239776,2663,1145,onchain-orderbook
2025-10-07,48.42,226956.79,4687.253067518224,3433,1149,onchain-orderbook
2025-10-08,48.48,219439.4,4526.390247606999,5732,1147,onchain-orderbook
2025-10-09,48.45,211649.16,4368.403621264595,4765,1150,onchain-orderbook
2025-10-10,47.9,183841.57,3838.028674835148,8746,1156,onchain-orderbook
2025-10-11,46.97,176127.88,3749.795260509826,8746,1158,onchain-orderbook
2025-10-12,47.46,197515.27,4161.7208026300395,8746,1158,onchain-orderbook
2025-10-13,46.5,197373.86,4244.599137284289,6457,1159,onchain-orderbook
2025-10-14,44.5,183561.62,4124.980161079793,6457,1162,onchain-orderbook
2025-10-15,43.99,175384.63,3986.9203376495043,1927,1162,onchain-orderbook
2025-10-16,43.99,175384.63,3986.9203376495043,1927,1162,onchain-orderbook
2025-10-17,44,168641.81,3832.768414624783,384,1167,onchain-orderbook
2025-10-18,42.69,166071.39,3890.1706685158147,6343,1168,onchain-orderbook
2025-10-19,42.69,170074.56,3983.943857073749,6343,1170,onchain-orderbook
2025-10-20,42,167170.32,3980.2456877879667,9763,1175,onchain-orderbook
2025-10-21,41,163190.07,3980.2456877879667,9763,1176,onchain-orderbook
2025-10-22,39,151164.54,3876.0139284114493,8746,1177,onchain-orderbook
2025-10-23,37.9,144279.44,3806.845450811506,4631,1183,onchain-orderbook
2025-10-24,37.99,149481.78,3934.766601865301,5236,1187,onchain-orderbook
2025-10-25,38.9,153783.86,3953.3124900029334,6343,1178,onchain-orderbook
2025-10-26,39,154179.19,3953.3124900029334,8408,1181,onchain-orderbook
2025-10-27,39,162126.89,4157.099663798995,8408,1180,onchain-orderbook
2025-10-28,39,160672.08,4119.797043141824,8408,1183,onchain-orderbook
2025-10-29,39,155257.81,3980.9693676310208,8408,1183,onchain-orderbook
2025-10-30,38,144559.3,3804.1922211510264,9367,1178,onchain-orderbook
2025-10-31,36.99,142279.04,3846.4189155445333,9367,1179,onchain-orderbook
2025-11-01,36.99,142279.04,3846.4189155445333,9367,1184,onchain-orderbook
2025-11-02,35.99,139431.84,3874.1826966770777,9367,1182,onchain-orderbook
2025-11-03,36.47,131357.32,3601.790963407925,1311,1187,onchain-orderbook
2025-11-04,33.3,109605.94,3291.4695304546653,5935,1190,onchain-orderbook
2025-11-05,36.49,125037.2,3426.615416004123,1905,1192,onchain-orderbook
2025-11-06,35.25,116733.25,3311.5815440941324,1910,1193,onchain-orderbook
2025-11-07,34.5,118492.89,3434.5765768356077,3186,1195,onchain-orderbook
2025-11-08,34.2,116287.03,3400.205410489492,1905,1202,onchain-orderbook
2025-11-09,33.99,121767.93,3582.463329325224,1905,1202,onchain-orderbook
2025-11-10,33.99,121285.9,3568.2818408975177,1910,1201,onchain-orderbook
2025-11-11,34.4,117497.18,3415.6155749067498,8154,1204,onchain-orderbook
2025-11-12,34.85,118922.76,3412.417814622389,7885,1205,onchain-orderbook
2025-11-13,33,106635.22,3231.37029805825,5198,1202,onchain-orderbook
2025-11-14,32.6,105342.67,3231.37029805825,5117,1203,onchain-orderbook
2025-11-15,31.49,99697.23,3165.996470880958,606,1205,onchain-orderbook
2025-11-16,31.3,96840.24,3093.9375055686,3150,1200,onchain-orderbook
2025-11-17,30.8,93155.36,3024.5247238273614,3123,1198,onchain-orderbook
2025-11-18,30.95,93609.04,3024.5247238273614,7885,1199,onchain-orderbook
2025-11-19,29.9,93351.22,3122.1144554619614,8764,1198,onchain-orderbook
2025-11-20,29.99,84879.39,2830.2563435265874,8764,1196,onchain-orderbook
2025-11-21,29.7,82123.89,2765.1140477843687,1910,1194,onchain-orderbook
2025-11-22,29.89,82649.26,2765.1140477843687,8764,1193,onchain-orderbook
2025-11-23,29.89,83730.57,2801.2904540173176,8764,1186,onchain-orderbook
2025-11-24,30.97,91452.72,2952.945376751991,8764,1173,onchain-orderbook
2025-11-25,30.97,91452.72,2952.945376751991,8764,1176,onchain-orderbook
2025-11-26,30.69,90799.3,2958.5956456498648,4046,1179,onchain-orderbook
2025-11-27,30.2,91423.18,3027.257549264575,606,1185,onchain-orderbook
2025-11-28,30.69,93047.12,3031.8384456094677,4046,1184,onchain-orderbook
2025-11-29,30.69,91755.17,2989.741693273997,4046,1184,onchain-orderbook
2025-11-30,30.96,92599.09,2990.926810532317,8565,1184,onchain-orderbook
2025-12-01,30.6,85695.55,2800.508318606778,4554,1185,onchain-orderbook
2025-12-02,30.6,85695.55,2800.508318606778,4554,1186,onchain-orderbook
2025-12-03,30.57,91625.05,2997.221105767801,3378,1189,onchain-orderbook
2025-12-04,30.1,94331.88,3133.9495639568295,4554,1182,onchain-orderbook
2025-12-05,30.09,90981.76,3023.6544042475807,3976,1182,onchain-orderbook
2025-12-06,30.09,90981.76,3023.6544042475807,3976,1183,onchain-orderbook
2025-12-07,30.09,91445.2,3039.056298688336,3976,1182,onchain-orderbook
2025-12-08,30.1,92146.04,3061.3302008040955,4554,1182,onchain-orderbook
2025-12-09,29.2,96976.52,3321.113847723521,5938,1186,onchain-orderbook
2025-12-10,29.2,97059.21,3323.9455207525502,2782,1182,onchain-orderbook
2025-12-11,29.95,96961.55,3237.447333155041,2782,1182,onchain-orderbook
2025-12-12,29.85,96637.8,3237.447333155041,3761,1182,onchain-orderbook
2025-12-13,29.8,91924.44,3084.712904517063,2782,1182,onchain-orderbook
2025-12-14,28,87239.81,3115.7073238754942,3150,1185,onchain-orderbook
2025-12-15,27.1,82952.43,3060.975396899229,3761,1184,onchain-orderbook
2025-12-16,26.999,80039.74,2964.5445997150696,7574,1182,onchain-orderbook
2025-12-17,26.9899,79965.08,2962.7777567487974,8539,1180,onchain-orderbook
2025-12-18,26.69,75570.51,2831.416702327483,4319,1182,onchain-orderbook
2025-12-19,26.58,75149.23,2827.2849864307955,8764,1182,onchain-orderbook
2025-12-20,26.58,79151.59,2977.862580092808,8764,1181,onchain-orderbook
2025-12-21,26.9899,80377.66,2978.064437566355,8539,1181,onchain-orderbook
2025-12-22,26.98,80972.52,3001.2054331012346,2697,1185,onchain-orderbook
2025-12-23,26.95,80998.87,3005.5238957588144,2697,1197,onchain-orderbook
2025-12-24,26.89,79685.4,2963.3840642515106,2925,1193,onchain-orderbook
2025-12-25,26.55,78202.6,2945.4841296284912,2782,1192,onchain-orderbook
2025-12-26,26.49,76911.29,2903.4082806452666,2925,1194,onchain-orderbook
2025-12-27,26.9,78707.78,2925.9397387438676,2782,1193,onchain-orderbook
2025-12-28,26.25,77396.02,2948.41976052887,1000,1197,onchain-orderbook
2025-12-29,26.82,78713.84,2934.8932468407847,1449,1198,onchain-orderbook
2025-12-30,26.79,78625.79,2934.8932468407847,1449,1192,onchain-orderbook
2025-12-31,26.77,79545.93,2971.4579899740925,1449,1194,onchain-orderbook
2026-01-01,25.95,77003.4,2967.3756161733827,8201,1194,onchain-orderbook
2026-01-02,27.99,87430.49,3123.633106134612,8201,1182,onchain-orderbook
2026-01-03,28.24,88267.21,3125.609393107026,8201,1176,onchain-orderbook
2026-01-04,29.35,91736.64,3125.609393107026,6379,1179,onchain-orderbook
2026-01-05,29.4,92354,3141.2925445696274,4554,1174,onchain-orderbook
2026-01-06,29.99,98851.16,3296.1374889924,6379,1177,onchain-orderbook
2026-01-07,29.7,94055.09,3166.8380915600833,6547,1176,onchain-orderbook
2026-01-08,28.99,91806.64,3166.8380915600833,6379,1179,onchain-orderbook
2026-01-09,29.18,90579.96,3104.179637195229,8201,1179,onchain-orderbook
2026-01-10,29.18,89967.94,3083.2055292161476,8201,1179,onchain-orderbook
2026-01-11,29.18,89949.32,3082.567534760909,8201,1179,onchain-orderbook
2026-01-12,29.18,90999.6,3118.5605487221,8201,1179,onchain-orderbook
2026-01-13,29.18,90213.61,3091.6248559962114,8201,1181,onchain-orderbook
2026-01-14,28.8,95704.47,3323.0717363942053,352,1178,onchain-orderbook
2026-01-15,29.17,97867.14,3355.0613008775927,1454,1181,onchain-orderbook
2026-01-16,28.84,95674.19,3317.4130424771506,1454,1183,onchain-orderbook
2026-01-17,29.04,95704.87,3295.622078063487,1454,1182,onchain-orderbook
2026-01-18,29.1899,95806.88,3282.192750963331,9338,1182,onchain-orderbook
2026-01-19,29,92416.63,3186.7803172019467,7043,1185,onchain-orderbook
2026-01-20,27.24,79982.09,2936.2001439827745,1362,1190,onchain-orderbook
2026-01-21,27.24,81147.54,2978.9845331172573,1362,1193,onchain-orderbook
2026-01-22,27.25,81177.33,2978.9845331172573,1702,1191,onchain-orderbook
2026-01-23,27.25,80469.43,2953.0066947228497,1702,1188,onchain-orderbook
2026-01-24,27.25,80352.57,2948.7181099371182,1702,1183,onchain-orderbook
2026-01-25,28.88,81303.55,2815.2198334010645,1362,1184,onchain-orderbook
2026-01-26,28.8,84295.4,2926.923717263726,1035,1184,onchain-orderbook
2026-01-27,28.4,85829.7,3022.172638872313,1035,1183,onchain-orderbook
2026-01-28,28.4,85829.7,3022.172638872313,1035,1186,onchain-orderbook
2026-01-29,28.4,85343.8,3005.0632083322844,1035,1184,onchain-orderbook
2026-01-30,27.99,78882.02,2818.221584494596,1035,1187,onchain-orderbook
2026-01-31,27.44,74166.94,2702.8767834908294,1362,1191,onchain-orderbook
2026-02-01,27.3,66735.47,2444.5228233925677,8746,1182,onchain-orderbook
2026-02-02,27.93,63333.75,2267.5884795836637,7484,1177,onchain-orderbook
2026-02-03,26.99,60147.32,2228.5038156534315,7484,1179,onchain-orderbook
2026-02-04,26.99,57836.63,2142.8911082092086,7484,1178,onchain-orderbook
2026-02-05,29.9,54467.5,1821.6556545340404,1940,1163,onchain-orderbook
2026-02-06,29.86,61596.91,2062.856910135724,5117,1156,onchain-orderbook
2026-02-07,29.86,62426.62,2090.643518321228,5117,1157,onchain-orderbook
2026-02-08,29.86,62377.31,2088.9922383839016,5117,1153,onchain-orderbook
2026-02-09,29.86,62814.23,2103.6244784903897,5117,1149,onchain-orderbook
2026-02-10,29.86,62814.23,2103.6244784903897,5117,1149,onchain-orderbook
2026-02-11,29.86,60304.43,2019.5722956412158,5117,1147,onchain-orderbook
2026-02-12,29.85,58097.61,1946.3186211556394,7043,1145,onchain-orderbook
2026-02-13,29.85,61138.46,2048.189677172832,7043,1150,onchain-orderbook
2026-02-14,29.85,61138.46,2048.189677172832,7043,1150,onchain-orderbook
2026-02-15,29.85,62253.5,2085.5445019019644,7043,1146,onchain-orderbook
2026-02-16,29.85,59625.35,1997.4991374242984,7043,1145,onchain-orderbook
2026-02-17,29.85,59452.2,1991.6984916159734,7043,1147,onchain-orderbook
2026-02-18,29.85,59452.2,1991.6984916159734,7043,1149,onchain-orderbook
2026-02-19,29.85,58337.97,1954.3708752858226,7043,1152,onchain-orderbook
2026-02-20,29.8,58056.69,1948.2111139366946,3190,1149,onchain-orderbook
2026-02-21,29.8,58661.83,1968.517657102729,3190,1152,onchain-orderbook
2026-02-22,29.75,58711.74,1973.5037490804607,3190,1152,onchain-orderbook
2026-02-23,29.86,58448.81,1957.4284118067922,3853,1148,onchain-orderbook
2026-02-24,29.8,55199.5,1852.3323295911937,5055,1147,onchain-orderbook
2026-02-25,29.25,60111.54,2055.0954389406515,5117,1150,onchain-orderbook
2026-02-26,29.84,60476.71,2026.699384721464,3190,1148,onchain-orderbook
2026-02-27,29.84,57608.65,1930.5846847420019,3190,1148,onchain-orderbook
2026-02-28,29.86,58668.03,1964.7699005713935,3853,1148,onchain-orderbook
2026-03-01,29.86,58668.03,1964.7699005713935,3853,1143,onchain-orderbook
2026-03-02,29.86,57899.57,1939.0344536425985,3853,1145,onchain-orderbook
2026-03-03,29.85,59170.18,1982.250425540622,242,1148,onchain-orderbook
2026-03-04,29.85,63497.05,2127.2044013891455,5863,1150,onchain-orderbook
2026-03-05,29.85,61856.34,2072.2392058485575,5863,1144,onchain-orderbook
2026-03-06,29.4,60923.83,2072.2392058485575,5757,1147,onchain-orderbook
2026-03-07,29.4,58167.14,1978.4740343528076,5757,1148,onchain-orderbook
2026-03-08,29.79,58670.93,1969.4840954022732,5863,1148,onchain-orderbook
2026-03-09,29.79,57678.17,1936.1587360063008,5863,1148,onchain-orderbook
2026-03-10,29.79,59372.31,1993.0281315584448,5863,1157,onchain-orderbook
2026-03-11,29.39,59851.21,2036.4481677486033,5863,1155,onchain-orderbook
2026-03-12,29.39,60288.22,2051.317452312378,5863,1157,onchain-orderbook
2026-03-13,28.5,59077.83,2072.9064298311905,5863,1161,onchain-orderbook
2026-03-14,28.5,59650.43,2092.9976557097566,5863,1162,onchain-orderbook
2026-03-15,28.99,60778.89,2096.5466573516364,5863,1160,onchain-orderbook
2026-03-16,29.09,68395.62,2351.172929558985,6755,1158,onchain-orderbook
2026-03-17,28.98,67179.11,2318.1196031651903,6755,1162,onchain-orderbook
2026-03-18,28.98,63853.97,2203.3806172742943,6755,1164,onchain-orderbook
2026-03-19,28.98,63853.97,2203.3806172742943,6755,1161,onchain-orderbook
2026-03-20,28.49,60895.88,2137.447616579375,3478,1161,onchain-orderbook
2026-03-21,28.49,59203.62,2078.0492129718186,3478,1162,onchain-orderbook
2026-03-22,29.4,60362.51,2053.146584669732,8949,1160,onchain-orderbook
2026-03-23,28.48,61274.67,2151.498274966905,242,1161,onchain-orderbook
2026-03-24,29.44,63463.27,2155.6817607237,2039,1159,onchain-orderbook
2026-03-25,29.44,63833.67,2168.2634104315107,2039,1157,onchain-orderbook
2026-03-26,29.29,60317.85,2059.332619583916,8949,1158,onchain-orderbook
2026-03-27,28.75,57236.14,1990.8222830121113,3103,1159,onchain-orderbook
2026-03-28,28.75,57236.14,1990.8222830121113,3103,1159,onchain-orderbook
2026-03-29,28.75,57292.08,1992.7680780615876,3103,1160,onchain-orderbook
2026-03-30,28.98,57472.67,1983.1840806194311,2039,1161,onchain-orderbook
2026-03-31,28.98,58650.18,2023.815899600272,2039,1163,onchain-orderbook
2026-04-01,28.25,59462.24,2104.857989918024,7366,1160,onchain-orderbook
2026-04-02,27.49,56543.91,2056.8902960008427,242,1162,onchain-orderbook
2026-04-03,27.48,56425.86,2053.342870746778,5863,1160,onchain-orderbook
2026-04-04,27.99,57473.07,2053.342870746778,5863,1153,onchain-orderbook
2026-04-05,28.78,59445.76,2065.5231379113093,5863,1154,onchain-orderbook
2026-04-06,28.47,60043.2,2108.9988322181216,5863,1154,onchain-orderbook
2026-04-07,28.25,59545.35,2107.79988887167,5450,1160,onchain-orderbook
2026-04-08,28.25,61881.02,2190.478568186725,1429,1160,onchain-orderbook
2026-04-09,27.99,61269.39,2188.9744265525896,242,1162,onchain-orderbook
2026-04-10,27.99,62838.83,2245.0457222392993,242,1161,onchain-orderbook
2026-04-11,26.95,61595.87,2285.5610607564386,3150,1164,onchain-orderbook
2026-04-12,27.74,60810.54,2192.1608453362987,242,1162,onchain-orderbook
2026-04-13,26.69,63305.03,2371.8632958349403,242,1161,onchain-orderbook
2026-04-14,25.99,60380.43,2323.217827319875,242,1169,onchain-orderbook
2026-04-15,26.98,63664.26,2359.683410161545,2039,1167,onchain-orderbook
2026-04-16,25.99,61042.84,2348.7047080527386,7981,1166,onchain-orderbook
2026-04-17,26.79,64858.78,2421.00695362286,242,1162,onchain-orderbook
2026-04-18,26.78,62958.05,2350.9352469799255,1895,1160,onchain-orderbook
2026-04-19,26.64,60334.66,2264.8143990219965,242,1159,onchain-orderbook
2026-04-20,26,60190.63,2315.024147296644,7232,1161,onchain-orderbook
2026-04-21,28,65170.33,2327.5116327297133,4554,1157,onchain-orderbook
2026-04-22,28.88,68612.14,2375.7666715287,242,1153,onchain-orderbook
2026-04-23,29,67594,2330.8275816492055,242,1150,onchain-orderbook
2026-04-24,29.67,68701.25,2315.512435446713,242,1148,onchain-orderbook
2026-04-25,29.88,69296.21,2319.1503239938397,4772,1148,onchain-orderbook
2026-04-26,30.95,73343.55,2369.743028837697,8168,1142,onchain-orderbook
2026-04-27,30.89,71149.68,2303.324200998658,7924,1143,onchain-orderbook
2026-04-28,30.88,70689.43,2289.1654286867374,2039,1144,onchain-orderbook
2026-04-29,30.88,69586.79,2253.4583579638706,2039,1144,onchain-orderbook
2026-04-30,30.8,69484.19,2255.980291785015,5358,1143,onchain-orderbook
2026-05-01,30.95,71019.84,2294.6636890449554,8168,1145,onchain-orderbook
2026-05-02,30.95,71694.39,2316.4586335961117,8168,1142,onchain-orderbook
2026-05-03,30.95,71694.39,2316.4586335961117,8168,1144,onchain-orderbook
2026-05-04,30.95,71868.93,2322.098013189142,8168,1141,onchain-orderbook
2026-05-05,30.95,73075.6,2361.0857066652707,8168,1139,onchain-orderbook
2026-05-06,30.98,72822.65,2350.634151936807,4708,1138,onchain-orderbook
2026-05-07,31,71026.73,2291.184888890017,9732,1138,onchain-orderbook
2026-05-08,31,71511.64,2306.826936474489,9732,1139,onchain-orderbook
2026-05-09,31,71511.64,2306.826936474489,9732,1142,onchain-orderbook
2026-05-10,30.99,73410.28,2368.837665726271,2659,1144,onchain-orderbook
2026-05-11,29.69,69462.83,2339.603401986634,7502,1147,onchain-orderbook
2026-05-12,29.58,67283.94,2274.643164858102,2659,1147,onchain-orderbook
2026-05-13,29.689,67026.39,2257.6171092097293,2659,1152,onchain-orderbook
2026-05-14,29.899,68214.46,2281.4964960855596,2659,1149,onchain-orderbook
2026-05-15,30.98,68887.12,2223.5998539490893,3774,1146,onchain-orderbook
2026-05-16,32.830438512707545,71566.31,2179.876738047661,1702,1138,onchain-orderbook
2026-05-17,33.25,70756.01,2128.0002275811294,2467,1140,onchain-orderbook
2026-05-18,33.25,70772.34,2128.491500875394,2467,1138,onchain-orderbook
2026-05-19,33.98,71689.45,2109.7541528236497,2659,1142,onchain-orderbook
2026-05-20,33.98,72285.44,2127.2938085253463,1859,1149,onchain-orderbook
2026-05-21,33.48,71369.12,2131.694272748801,2659,1156,onchain-orderbook
2026-05-22,33.48,69115.38,2064.3781409811045,2659,1157,onchain-orderbook
2026-05-23,33.44,70749.28,2115.708147579567,2659,1155,onchain-orderbook
2026-05-24,33.23,69721.15,2098.138643929662,2659,1155,onchain-orderbook
2026-05-25,33.23,70155.47,2111.2088364861415,2659,1153,onchain-orderbook
2026-05-26,32.99,68316.81,2070.833946428856,2659,1154,onchain-orderbook
2026-05-27,32.7,66135.95,2022.5062490754037,471,1154,onchain-orderbook
2026-05-28,31.84,63920.79,2007.5624108851769,2659,1156,onchain-orderbook
2026-05-29,30.99,62359.01,2012.230102947315,3646,1158,onchain-orderbook
2026-05-30,30.49,61564.66,2019.175626778262,3646,1159,onchain-orderbook
2026-05-31,31.83,63796.46,2004.2872890970018,3646,1157,onchain-orderbook
2026-06-01,31.83,63796.46,2004.2872890970018,3646,1159,onchain-orderbook
2026-06-02,31.48,63065.93,2003.3651516762716,2659,1157,onchain-orderbook
2026-06-03,30.82,57263.23,1857.9894545825687,2659,1162,onchain-orderbook
2026-06-04,30.79,54473.02,1769.1790948329233,2659,1162,onchain-orderbook
2026-06-05,32,50579.83,1580.6197586525523,1905,1143,onchain-orderbook
2026-06-06,32.5,50984.9,1568.766143257666,1905,1143,onchain-orderbook
2026-06-07,32.7,55167.39,1687.0760837926352,471,1141,onchain-orderbook
2026-06-08,32.7,55266.11,1690.0951127719102,471,1140,onchain-orderbook
2026-06-09,32.7,53557.21,1637.8350754267938,471,1145,onchain-orderbook
2026-06-10,32.7,52989.73,1620.4809781316494,471,1148,onchain-orderbook
2026-06-11,32.7,54670.77,1671.88909163853,471,1145,onchain-orderbook
2026-06-12,32.6,54280.54,1665.0473448741673,2595,1146,onchain-orderbook
2026-06-13,32.7,54447.05,1665.0473448741673,471,1143,onchain-orderbook
2026-06-14,32.7,56395.47,1724.6319835654128,471,1144,onchain-orderbook
2026-06-15,32.69,58688.83,1795.3144513074249,628,1142,onchain-orderbook
2026-06-16,32.7,58706.78,1795.3144513074249,471,1143,onchain-orderbook
2026-06-17,32.7,57157.75,1747.943541978407,471,1146,onchain-orderbook
2026-06-18,32.7,55903.85,1709.5978673943596,471,1146,onchain-orderbook
2026-06-19,32.7,55903.85,1709.5978673943596,471,1150,onchain-orderbook
2026-06-20,32.7,55929.1,1710.3699861156085,471,1151,onchain-orderbook
2026-06-21,32,54547.25,1704.601590081602,7056,1152,onchain-orderbook
2026-06-22,32.49,56101.25,1726.7237535480692,2617,1152,onchain-orderbook
2026-06-23,31.49,52448.91,1665.573549112355,2617,1154,onchain-orderbook
2026-06-24,31.49,51007.27,1619.792603757049,2617,1154,onchain-orderbook
2026-06-25,31.49,49276.9,1564.8428434530815,2617,1152,onchain-orderbook
2026-06-26,31.99,50431.98,1576.4918756458771,2617,1146,onchain-orderbook
2026-06-27,32.5,51235.99,1576.4918756458771,4972,1142,onchain-orderbook
2026-06-28,32.5,51079.51,1571.677311718264,4972,1150,onchain-orderbook
2026-06-29,31.5,49474.53,1570.6199562201552,2617,1165,onchain-orderbook
2026-06-30,31.97,51474.55,1610.0892335516369,5450,1171,onchain-orderbook
2026-07-01,31,49861.27,1608.4281927120421,1702,1171,onchain-orderbook
2026-07-02,31.97,54297.89,1698.4014396045966,5450,1165,onchain-orderbook
2026-07-03,32.44,56991.53,1756.8290354268431,3498,1167,onchain-orderbook
2026-07-04,32.44,57709.52,1778.9616998011275,3498,1157,onchain-orderbook
2026-07-05,32.44,57855.2,1783.452395629129,3498,1161,onchain-orderbook
2026-07-06,32.44,58309.85,1797.467645726414,3498,1158,onchain-orderbook
2026-07-07,32.44,58309.85,1797.467645726414,3498,1162,onchain-orderbook
2026-07-08,32.44,56527.6,1742.5277253393804,3498,1162,onchain-orderbook
2026-07-09,32.44,56601.08,1744.7927286310846,3498,1164,onchain-orderbook
2026-07-10,32.44,58250.25,1795.6305220955405,3498,1164,onchain-orderbook
2026-07-11,32.44,57985.03,1787.454628968266,3498,1163,onchain-orderbook
2026-07-12,32.44,58571.59,1805.5361612674312,3498,1158,onchain-orderbook
2026-07-13,32.45,57555.99,1773.6822568982184,9419,1157,onchain-orderbook
2026-07-14,32.43,61275.87,1889.4810505956982,3498,1161,onchain-orderbook
2026-07-15,32.43,61275.87,1889.4810505956982,3498,1161,onchain-orderbook
2026-07-16,32.43,62160.82,1916.7691189316656,3498,1162,onchain-orderbook
2026-07-17,31.98,59581.38,1863.082611565993,3498,1165,onchain-orderbook
2026-07-18,31.99,58890.52,1840.9039104593007,270,1162,onchain-orderbook
2026-07-19,31.99,59848.96,1870.8646388943991,270,1162,onchain-orderbook
2026-07-20,31.99,60869.3,1902.7601118733778,270,1162,onchain-orderbook
2026-07-21,32,61704.58,1928.2680412026552,5917,1156,onchain-orderbook
2026-07-22,32,61861.15,1933.1609064842462,5917,1160,onchain-orderbook
2026-07-23,31.99,60049.7,1877.1397641683218,3498,1160,onchain-orderbook
2026-07-24,31.99,59503.59,1860.0685417511193,3498,1165,onchain-orderbook
2026-07-25,32.42,60720.06,1872.9196878847654,5098,1161,onchain-orderbook
2026-07-26,32.39,63252.99,1952.8555014322633,5917,1164,onchain-orderbook
2026-07-27,32.39,61232.64,1890.47990061968,5917,1162,onchain-orderbook
2026-07-28,32.37,62139.91,1919.6759789118823,5917,1162,onchain-orderbook
2026-07-29,32.29,61622.64,1908.4124627760934,5917,1161,onchain-orderbook
2026-07-30,32.28,61892.22,1917.3550662644827,2403,1162,onchain-orderbook
2026-07-31,32.27,60034.76,1860.3893354831157,5917,1161,onchain-orderbook
2026-08-01,32.26,59463.5,1843.257786014972,2403,1161,onchain-orderbook
2026-08-02,32.26,59463.5,1843.257786014972,2403,1159,onchain-orderbook
2026-08-03,32.26,60718.1,1882.1480192693857,2403,1158,onchain-orderbook
2026-08-04,31.7,59230.98,1868.485213013497,2403,1165,onchain-orderbook
2026-08-05,31.7,60465.72,1907.4360439632449,2403,1162,onchain-orderbook
2026-08-06,32.37,61743.7,1907.4360439632449,5917,1161,onchain-orderbook
2026-08-07,32.35,61534.95,1902.1622720657638,5917,1162,onchain-orderbook
2026-08-08,32.2,61598.12,1912.9851571036106,5067,1160,onchain-orderbook
2026-08-09,32.2,61677.42,1915.447810935271,5067,1159,onchain-orderbook
2026-08-10,31.98,61047.92,1908.940734099038,5917,1154,onchain-orderbook
2026-08-11,31.98,59847.3,1871.3976551883159,5917,1153,onchain-orderbook
2026-08-12,31.72,59649.02,1880.4862005694617,2876,1152,onchain-orderbook
2026-08-13,31.72,59562.02,1877.743530062547,2876,1151,onchain-orderbook
2026-08-14,32.18,60639.8,1884.3941576877892,2876,1150,onchain-orderbook
2026-08-15,32.18,60508.97,1880.3285280890423,2876,1153,onchain-orderbook
2026-08-16,32.18,60529.27,1880.9591561894488,5917,1153,onchain-orderbook
2026-08-17,32.17,60299.51,1874.401898191962,2876,1153,onchain-orderbook
2026-08-18,32.2,61575.21,1912.2734691708965,5067,1153,onchain-orderbook
2026-08-19,32.2,61708.08,1916.3998901478055,5067,1154,onchain-orderbook
2026-08-20,32.41,72978.72,2251.7346140069594,2403,1155,onchain-orderbook
2026-08-21,32.45,75495.84,2326.5282334236576,9419,1156,onchain-orderbook
2026-08-22,31.98,80428.66,2514.967577695514,2403,1153,onchain-orderbook
2026-08-23,31.98,77500.74,2423.4127407436827,2403,1151,onchain-orderbook
2026-08-24,32.44,79880.38,2462.403924751607,2876,1149,onchain-orderbook
2026-08-25,32.44,80512.17,2481.879430655568,2876,1150,onchain-orderbook
2026-08-26,31.99,78119.94,2442.0111121033965,2876,1151,onchain-orderbook
2026-08-27,32.44,81305.77,2506.3431057180687,2876,1153,onchain-orderbook
2026-08-28,31.88,80065.38,2511.461241063819,2876,1154,onchain-orderbook
2026-08-29,31.88,77863.95,2442.407614756763,2876,1152,onchain-orderbook
2026-08-30,31.98,78577.72,2457.089335222437,2876,1152,onchain-orderbook
2026-08-31,31.99,77295.58,2416.2418165172735,3168,1154,onchain-orderbook
2026-09-01,31.97,78856.1,2466.565659094493,1895,1158,onchain-orderbook
2026-09-02,31.49,76132.61,2417.6758884733536,2876,1159,onchain-orderbook
2026-09-03,30.75,73516.58,2390.783044679688,2710,1161,onchain-orderbook
2026-09-04,30.74,77085.11,2507.6482840896088,2876,1167,onchain-orderbook
2026-09-05,29.99,73657.99,2456.085066364875,2710,1165,onchain-orderbook
2026-09-06,29.99,74375.3,2480.0031686031184,2710,1167,onchain-orderbook
2026-09-07,29.96,75319.72,2514.0092688310365,9060,1169,onchain-orderbook
2026-09-08,29.91,74457.86,2489.3967543757462,2876,1171,onchain-orderbook
2026-09-09,29.91,74328.43,2485.0697039871584,7366,1169,onchain-orderbook
2026-09-10,29.91,73803.8,2467.529167979314,7366,1168,onchain-orderbook
2026-09-11,29.79,72613.57,2437.514812545618,7366,1166,onchain-orderbook
2026-09-12,29.79,74917.29,2514.846819245876,7366,1167,onchain-orderbook
2026-09-13,29.79,75227.71,2525.267261590238,7366,1170,onchain-orderbook
2026-09-14,29.75,73681.31,2476.682526163658,7366,1167,onchain-orderbook
2026-09-15,29.39,73908.78,2514.759550467769,2876,1165,onchain-orderbook
2026-09-16,29.38,70438.47,2397.4972601650115,3637,1166,onchain-orderbook
2026-09-17,29.69,71729.84,2415.9596535242995,7366,1163,onchain-orderbook
2026-09-18,29.69,72625.99,2446.143252227872,7366,1165,onchain-orderbook
2026-09-19,29.69,77537.08,2611.5555571198493,7366,1165,onchain-orderbook
2026-09-20,29.64,78012.76,2632.0095970320526,3168,1165,onchain-orderbook
2026-09-21,31,81986.78,2644.7349398187544,3960,1153,onchain-orderbook
2026-09-22,32.43,89998.72,2775.1686826711957,3235,1151,onchain-orderbook
2026-09-23,34,93589.39,2752.629093198004,2346,1143,onchain-orderbook
2026-09-24,33.69,90435.51,2684.342871490596,471,1140,onchain-orderbook
2026-09-25,33.69,90529.27,2687.1259839506374,471,1142,onchain-orderbook
2026-09-26,33.69,90656.04,2690.8886985219224,471,1142,onchain-orderbook
2026-09-27,33.68,90787.97,2695.6048383919747,3646,1145,onchain-orderbook
2026-09-28,33.67,90489.31,2687.5352894478456,471,1147,onchain-orderbook
2026-09-29,33.49,90018.5,2687.921688219616,2039,1145,onchain-orderbook
2026-09-30,32.994899,88340.03,2677.3845041515556,4064,1144,onchain-orderbook
2026-10-01,32.99,88568.54,2684.708553282074,2039,1143,onchain-orderbook
2026-10-02,32.99,89247.71,2705.2959032354674,2039,1138,onchain-orderbook
2026-10-03,32.99,88015.69,2667.9504418816,2039,1138,onchain-orderbook
2026-10-04,32.99,88640.55,2686.891434728346,2039,1139,onchain-orderbook
2026-10-05,32.98,89900.53,2725.9105379372454,5931,1142,onchain-orderbook
2026-10-06,32.9,89172.76,2710.4181759245234,3364,1141,onchain-orderbook
2026-10-07,32.889999,88710,2697.1723962480346,4064,1142,onchain-orderbook
2026-10-08,32.75,84273.31,2573.2309278741104,5931,1144,onchain-orderbook
2026-10-09,31.49,77866.16,2472.7266584392723,5098,1150,onchain-orderbook
2026-10-10,31.49,78274.85,2485.704908841487,5098,1149,onchain-orderbook
